timestep,impact
0,15.188759841024876
1,15.188759841024876
2,15.188759841024876
3,15.21787566691637
4,15.188759841024876
5,15.226575136184692
6,15.254147808998823
7,15.188759841024876
8,15.188759841024876
9,15.226575136184692
10,15.188759841024876
11,15.226575136184692
12,15.188759841024876
13,15.226575136184692
14,15.188759841024876
15,15.188759841024876
16,15.188759841024876
17,15.265163976699114
18,15.188759841024876
19,15.188759841024876
20,15.21787566691637
21,15.188759841024876
22,15.188759841024876
23,15.21787566691637
24,15.226575136184692
25,15.188759841024876
26,15.226575136184692
27,15.188759841024876
28,15.188759841024876
29,17.12255171686411
30,17.25152749568224
31,17.123039573431015
32,17.21452432870865
33,17.081060752272606
34,17.075547367334366
35,17.107984803617
36,17.077058508992195
37,17.052963368594646
38,17.052359476685524
39,17.052296072244644
40,17.05255125463009
41,17.052015341818333
42,17.04988521337509
43,17.161792941391468
44,17.117382675409317
45,17.27233748137951
46,17.038582481443882
47,17.018318459391594
48,17.004083290696144
49,17.167829155921936
50,17.1538929566741
51,17.11506026238203
52,17.096973035484552
53,17.310811698436737
54,17.11619210988283
55,17.082181837409735
56,17.075562562793493
57,17.10569031536579
58,17.247725881636143
59,17.267078645527363
60,17.634395644068718
61,17.200051724910736
62,17.19041631370783
63,16.914798766374588
64,16.850876227021217
65,16.921239838004112
66,17.49006249010563
67,17.86050333082676
68,17.314564865082502
69,17.11415445804596
70,17.14313153922558
71,17.10725735127926
72,17.23516920208931
73,17.273351915180683
74,17.217580500990152
75,17.450369119644165
76,17.930996537208557
77,17.343300595879555
78,17.196593686938286
79,17.052302852272987
80,16.966013684868813
81,16.976288974285126
82,17.016482546925545
83,16.965015575289726
84,16.958016976714134
85,16.94839596375823
86,16.941820666193962
87,16.932652860879898
88,16.93586080521345
89,16.912925750017166
90,17.21290110051632
91,17.52636805176735
92,17.239643022418022
93,16.972903102636337
94,16.95531015843153
95,16.945041373372078
96,16.93369384855032
97,16.923058159649372
98,16.91122679412365
99,16.899817511439323
100,16.932460770010948
101,16.868155509233475
102,16.92541766166687
103,16.834589645266533
104,16.81823195517063
105,16.908159613609314
106,17.192803263664246
107,17.111944243311882
108,17.807246685028076
109,17.0958589091897
110,17.102170009166002
111,17.06713270023465
112,17.43269744515419
113,17.696263015270233
114,17.078405909240246
115,17.06298676878214
116,17.222875520586967
117,17.123210716992617
118,17.080620616674423
119,17.093924209475517
120,17.04109951853752
121,17.231010876595974
122,17.074090629816055
123,17.067157417535782
124,17.02490098029375
125,17.178800791502
126,17.021640852093697
127,17.165915325284004
128,17.650821082293987
129,18.14283639192581
130,17.467635601758957
131,17.200243405997753
132,16.946900960057974
133,16.93023094534874
134,16.920692920684814
135,17.4050282984972
136,17.525468289852142
137,16.988592445850372
138,16.984260067343712
139,16.971804536879063
140,16.961954548954964
141,16.96173918247223
142,16.956343829631805
143,17.122051656246185
144,17.09495932608843
145,17.246478095650673
146,17.045299142599106
147,17.196690022945404
148,17.38517226278782
149,17.63965205848217
150,16.853505957871675
151,16.849997136741877
152,16.846410267055035
153,16.838914159685373
154,16.834288973361254
155,16.808784402906895
156,17.243219152092934
157,17.79605919122696
158,17.569248989224434
159,17.137357398867607
160,16.815185993909836
161,16.91572441160679
162,16.863055616617203
163,16.803070962429047
164,16.9848575592041
165,16.846726521849632
166,17.14366066455841
167,17.32166290283203
168,17.316935919225216
169,17.343319341540337
170,17.39681702852249
171,17.337551593780518
172,17.545250795781612
173,17.515932731330395
174,18.195410132408142
175,17.53566823154688
176,17.352120965719223
177,17.199355512857437
178,17.067386098206043
179,17.0044998973608
180,17.001850232481956
181,16.998967804014683
182,17.049117885529995
183,16.97045300900936
184,16.983412757515907
185,16.978620141744614
186,17.60060954093933
187,17.76729753613472
188,17.35998809337616
189,17.02973883599043
190,17.02496077120304
191,17.020732663571835
192,17.01270505785942
193,17.00945558398962
194,17.16215158253908
195,17.498335123062134
196,18.039419174194336
197,17.172724783420563
198,17.112844184041023
199,17.20210810750723
200,16.89023357257247
201,16.885743226855993
202,17.346911668777466
203,17.82600411772728
204,17.697808980941772
205,17.574521958827972
206,17.470003716647625
207,17.41921728849411
208,18.12192276120186
209,18.225256070494652
210,18.042932093143463
211,17.36089324951172
212,16.924688935279846
213,17.09549354016781
214,17.243220046162605
215,18.026924073696136
216,17.331756114959717
217,16.8176862411201
218,16.83012031391263
219,17.403370290994644
220,18.408182501792908
221,17.31718348711729
222,17.216303914785385
223,17.139795571565628
224,17.050109162926674
225,17.112277925014496
226,17.104707300662994
227,17.114114373922348
228,17.209917455911636
229,17.059572979807854
230,17.202334083616734
231,17.33407925069332
232,17.494777843356133
233,18.239312648773193
234,17.20988481491804
235,17.217535592615604
236,17.05088808387518
237,16.99051885306835
238,16.985588550567627
239,17.004516646265984
240,16.975979372859
241,16.9714452624321
242,16.966805770993233
243,16.96215794980526
244,16.98415721207857
245,16.948294509202242
246,16.941939249634743
247,16.94664330407977
248,16.926136568188667
249,16.91757147014141
250,16.94244782626629
251,16.906278535723686
252,16.922034867107868
253,16.89656388759613
254,16.8914907425642
255,16.902902461588383
256,17.348276868462563
257,17.53343367576599
258,16.939735367894173
259,16.980878695845604
260,16.92205508798361
261,16.943486094474792
262,17.12333247065544
263,17.271804943680763
264,18.541980355978012
265,17.07872499525547
266,16.83899075910449
267,16.83998739346862
268,16.82913603261113
269,16.82475183531642
270,16.831725168973207
271,15.502972293645144
272,15.992995411157608
273,16.12078347429633
274,16.30554309487343
275,17.181498259305954
276,16.386250287294388
277,16.39993552863598
278,16.283589124679565
279,17.0958589091897
280,17.093595400452614
281,17.08414076268673
282,17.0958589091897
283,17.3347003236413
284,18.06023535132408
285,17.376028209924698
286,17.076335340738297
287,17.107601672410965
288,17.061026714742184
289,17.05557730793953
290,17.066475905478
291,17.052249930799007
292,17.05193729698658
293,17.3103938549757
294,17.329811319708824
295,17.464359901845455
296,18.56818777322769
297,17.490685004740953
298,17.29671734198928
299,17.03605541959405
300,17.075448743999004
301,17.05573533475399
302,17.466274574398994
303,17.660035997629166
304,17.403719879686832
305,17.12851582467556
306,17.35464958101511
307,17.227695249021053
308,17.170123662799597
309,17.11432648077607
310,17.26713014394045
311,17.4735769033432
312,18.012663632631302
313,17.22398366779089
314,17.218870297074318
315,17.21784593909979
316,17.44409839808941
317,17.84727367758751
318,17.050214059650898
319,17.048132330179214
320,17.30912809073925
321,17.32666850090027
322,17.1337111890316
323,17.506780952215195
324,18.236818075180054
325,17.673286646604538
326,17.769330263137817
327,17.318296119570732
328,17.225811138749123
329,16.994888558983803
330,16.990115076303482
331,17.16792356967926
332,17.342682108283043
333,17.307447403669357
334,17.29443645477295
335,17.984124675393105
336,18.49539750814438
337,17.42017001658678
338,17.275140322744846
339,17.248360097408295
340,17.339622732251883
341,17.279822923243046
342,17.276115015149117
343,17.054901774972677
344,17.073293767869473
345,17.063231095671654
346,17.056899420917034
347,17.032614834606647
348,17.0347857773304
349,17.006626084446907
350,17.002855971455574
351,16.997598327696323
352,16.989579163491726
353,16.981769300997257
354,17.33758121728897
355,17.787880092859268
356,17.33287711441517
357,17.3313460201025
358,17.01226519048214
359,17.00512259453535
360,17.157784312963486
361,17.30685879290104
362,17.104566633701324
363,17.097987666726112
364,17.06360835582018
365,17.71620039641857
366,17.95937091112137
367,17.262041501700878
368,17.079415559768677
369,16.82064574211836
370,16.84591793641448
371,16.837803710252047
372,16.83044672384858
373,16.80744194239378
374,17.873680591583252
375,17.869105756282806
376,17.29228502511978
377,16.790097668766975
378,17.250978991389275
379,17.740518987178802
380,17.52327634394169
381,17.5048318952322
382,16.780721217393875
383,17.160842046141624
384,17.1440761834383
385,17.135367929935455
386,17.574517980217934
387,17.60525668412447
388,17.54606992006302
389,17.443234123289585
390,17.84576177597046
391,17.35530959814787
392,17.327160224318504
393,17.44117385149002
394,17.067771591246128
395,17.05156621336937
396,17.35391490161419
397,17.32039324939251
398,17.113482803106308
399,17.301328100264072
400,17.433757320046425
401,17.22410523146391
402,17.192144215106964
403,17.166809231042862
404,17.15448398888111
405,17.146654561161995
406,17.36276165395975
407,17.327889554202557
408,17.30807538330555
409,17.61358054727316
410,18.112599790096283
411,17.35793775320053
412,17.45597667992115
413,17.09086798131466
414,17.111525863409042
415,17.107858955860138
416,17.252214029431343
417,17.97948944568634
418,17.052229300141335
419,17.27279432117939
420,17.501489609479904
421,15.167614467442036
422,15.265676937997341
423,15.53426954895258
424,16.279496729373932
425,15.521262496709824
426,15.508220188319683
427,17.0958589091897
428,17.182737924158573
429,17.65036629140377
430,17.172172360122204
431,17.37120469659567
432,17.519021660089493
433,17.99109372496605
434,17.492923229932785
435,17.35397458076477
436,17.212727777659893
437,16.995023295283318
438,16.987598404288292
439,17.05277429521084
440,16.972367614507675
441,17.568466886878014
442,17.8011272251606
443,17.332130938768387
444,17.2698385566473
445,17.16411203145981
446,17.312855526804924
447,17.263605140149593
448,17.24329474568367
449,17.66590742766857
450,18.23733812570572
451,17.656418059021235
452,17.661422789096832
453,17.469898149371147
454,17.745283365249634
455,17.363859385252
456,16.957931861281395
457,17.298616752028465
458,17.1459773555398
459,17.248508110642433
460,18.26021134853363
461,17.40404835343361
462,17.245878413319588
463,17.410146474838257
464,17.628564089536667
465,17.502807095646858
466,18.044506639242172
467,16.833267524838448
468,16.833000276237726
469,16.821434181183577
470,17.71411384642124
471,17.830718755722046
472,17.1712314337492
473,17.275768876075745
474,17.792339324951172
475,17.034188449382782
476,17.288211181759834
477,17.939242899417877
478,17.138563126325607
479,17.09430982172489
480,17.368097871541977
481,17.44372421503067
482,17.350072748959064
483,17.97153327614069
484,18.41310840845108
485,17.361440002918243
486,17.304493002593517
487,17.308123365044594
488,17.063605397939682
489,17.062980473041534
490,17.328059643507004
491,18.06808152794838
492,17.443536959588528
493,17.50053419917822
494,17.3347320407629
495,17.502479299902916
496,18.194111168384552
497,17.684371404349804
498,17.473276183009148
499,17.19763919711113
500,16.93733438849449
501,17.36162304878235
502,17.65447038412094
503,17.13942301273346
504,17.12211325764656
505,17.105205334722996
506,17.24331261217594
507,17.69642946124077
508,18.446983575820923
509,17.824622310698032
510,17.415477879345417
511,17.07635223865509
512,17.334123611450195
513,17.526809215545654
514,16.932360634207726
515,16.868290200829506
516,17.111620217561722
517,17.29931838810444
518,17.239462569355965
519,17.410420790314674
520,17.961991012096405
521,16.010452296584845
522,15.573469072580338
523,15.163347244262695
524,15.203247152268887
525,15.169901821762323
526,15.167614467442036
527,15.167614467442036
528,15.641872704029083
529,15.997249737381935
530,16.825710654258728
531,17.41625515371561
532,17.101858738809824
533,17.069796565920115
534,17.42905256152153
535,17.71514230966568
536,17.08067511767149
537,17.107953161001205
538,17.289757877588272
539,17.32636308670044
540,17.493148170411587
541,18.01653629541397
542,17.615959748625755
543,17.353142134845257
544,17.335589610040188
545,17.1162224188447
546,17.157423935830593
547,17.077992908656597
548,17.10801400244236
549,17.292970523238182
550,17.215477272868156
551,17.132201444357634
552,17.484269082546234
553,17.485287837684155
554,18.24802228808403
555,17.524980627000332
556,17.507146164774895
557,17.470674008131027
558,17.623585790395737
559,17.309235960245132
560,17.14727358520031
561,17.306968614459038
562,17.27052417397499
563,17.269447803497314
564,17.67246700823307
565,18.228437423706055
566,17.664144292473793
567,17.31584356725216
568,17.387918569147587
569,17.25998244434595
570,17.326715499162674
571,17.942133456468582
572,17.394742369651794
573,16.953524604439735
574,17.166079938411713
575,17.288938269019127
576,18.304981768131256
577,17.234450235962868
578,17.21600730717182
579,17.268097668886185
580,17.608129262924194
581,16.819949433207512
582,17.234625086188316
583,17.104749158024788
584,17.08934360742569
585,17.480144381523132
586,17.98549622297287
587,17.194081351161003
588,17.5088155195117
589,17.26158480346203
590,17.43427600711584
591,17.1657135784626
592,17.347057975828648
593,17.398109309375286
594,17.594323836266994
595,18.11705507338047
596,17.444475512951612
597,17.270906563848257
598,17.492423847317696
599,17.584676325321198
600,17.05507205426693
601,17.20278326421976
602,17.32718576490879
603,17.50315235555172
604,18.023723423480988
605,17.34042575955391
606,17.206846445798874
607,17.197463393211365
608,17.38488018512726
609,18.216591954231262
610,17.345923244953156
611,17.178500525653362
612,17.659105226397514
613,17.804296135902405
614,17.18083645403385
615,17.363899648189545
616,17.510734111070633
617,17.41355612874031
618,17.165691688656807
619,17.488300815224648
620,18.051923155784607
621,17.24061893671751
622,17.491212233901024
623,17.584521293640137
624,16.92380678653717
625,16.94288620352745
626,17.300205022096634
627,17.47160930931568
628,18.260032415390015
629,17.41249345242977
630,17.340083718299866
631,17.507995277643204
632,17.985413670539856
633,17.93847407400608
634,16.355411358177662
635,16.62317095696926
636,16.736156404018402
637,16.067565888166428
638,16.508973360061646
639,15.503085050731897
640,15.40802294947207
641,15.502972293645144
642,15.731172747910023
643,15.842608839273453
644,15.968284904956818
645,16.30554309487343
646,16.401409424841404
647,16.894807174801826
648,17.278912723064423
649,15.919612795114517
650,15.163347244262695
651,15.490309804677963
652,15.935623452067375
653,16.033326625823975
654,16.47493863105774
655,15.188759841024876
656,15.21787566691637
657,15.226575136184692
658,15.488733872771263
659,15.710246361792088
660,15.982318483293056
661,16.344340350478888
662,17.112437188625336
663,16.426099702715874
664,16.69922636449337
665,17.32451421022415
666,15.679459191858768
667,15.835697568953037
668,15.689950451254845
669,16.01328932493925
670,16.339305981993675
671,17.264160692691803
672,15.42779939621687
673,15.21787566691637
674,15.254147808998823
675,15.188759841024876
676,15.456698648631573
677,15.693792305886745
678,16.16275718808174
679,16.510553173720837
680,17.424592033028603
681,16.972972184419632
682,17.38002336025238
683,15.989012263715267
684,15.409699268639088
685,17.75108791142702
686,17.665510892868042
687,17.6373083665967
688,17.676094323396683
689,18.33329349756241
690,17.85650909692049
691,18.495748817920685
692,17.536413863301277
693,18.263058796525
694,18.334785863757133
695,17.699288636446
696,17.283365480601788
697,17.073202058672905
698,17.369168236851692
699,17.0520231872797
700,17.06647615879774
701,17.231809332966805
702,17.38799510896206
703,17.395030304789543
704,17.562886111438274
705,18.69527703523636
706,17.687152665108442
707,17.36775253713131
708,17.45115464925766
709,17.65367455780506
710,18.19946950674057
711,17.44596429169178
712,17.34743459522724
713,17.164590552449226
714,17.73445373773575
715,18.0010969042778
716,17.484825402498245
717,17.451033875346184
718,17.851269781589508
719,17.610991030931473
720,17.39914231747389
721,17.676830023527145
722,17.81267422437668
723,17.284293178468943
724,17.3088391572237
725,17.528641253709793
726,17.281658239662647
727,17.14576542377472
728,17.37304313480854
729,17.387489713728428
730,17.72622610628605
731,18.608096420764923
732,17.481159828603268
733,17.43654804676771
734,17.76435825228691
735,17.203048527240753
736,17.051922045648098
737,17.302619352936745
738,17.32757343351841
739,17.48311272263527
740,18.685212910175323
741,17.503323435783386
742,17.351071625947952
743,17.415389586240053
744,17.35285982489586
745,18.023220658302307
746,17.636127837002277
747,17.60943467915058
748,17.777445927262306
749,18.458225548267365
750,17.667947947978973
751,17.750044777989388
752,17.758831679821014
753,17.283469438552856
754,17.294776782393456
755,17.346952825784683
756,17.152814269065857
757,17.51493611931801
758,18.51578015089035
759,17.39080622792244
760,17.38188449293375
761,16.87842805683613
762,16.86955027282238
763,17.00217631459236
764,17.105666503310204
765,17.501839831471443
766,18.66475197672844
767,17.375644266605377
768,17.59731824696064
769,17.795820981264114
770,17.395875461399555
771,17.297582671046257
772,17.311932153999805
773,17.28684851527214
774,17.265052139759064
775,18.3057359457016
776,17.552339389920235
777,17.272950008511543
778,17.312706649303436
779,17.165631771087646
780,16.817666113376617
781,17.07042321562767
782,17.48353411257267
783,18.3046695291996
784,17.357919350266457
785,17.336061388254166
786,17.596601732075214
787,17.654709815979004
788,17.373269490897655
789,17.364354498684406
790,17.50054644793272
791,17.85966496914625
792,18.370193243026733
793,17.599981732666492
794,17.473628170788288
795,17.22130984812975
796,17.350140526890755
797,17.80775538086891
798,17.34945870190859
799,17.31246756017208
800,17.051703490316868
801,17.321496054530144
802,17.314985617995262
803,17.71392957866192
804,18.452669084072113
805,17.880004048347473
806,17.67720176279545
807,17.322987586259842
808,16.942327231168747
809,17.13872141763568
810,16.94702372327447
811,16.915259018540382
812,17.491992689669132
813,17.644621819257736
814,17.372511856257915
815,17.32994082570076
816,17.36715242266655
817,17.353832319378853
818,17.457623474299908
819,17.899886339902878
820,18.414586544036865
821,17.83829392492771
822,17.8399571031332
823,17.806976556777954
824,18.07134822010994
825,17.171112686395645
826,17.360415741801262
827,17.498212218284607
828,17.944067418575287
829,18.44949072599411
830,17.491887599229813
831,17.31897184252739
832,17.282987128943205
833,17.253593638539314
834,17.601920992136
835,17.301729008555412
836,17.264066472649574
837,17.436060652136803
838,18.21870893239975
839,17.29790498688817
840,17.273746609687805
841,17.332324728369713
842,17.83935371041298
843,17.372718542814255
844,17.245915338397026
845,17.132259607315063
846,17.09555423259735
847,17.27224536985159
848,17.211801409721375
849,17.955926463007927
850,18.208017230033875
851,17.60417202115059
852,17.597753524780273
853,17.351005285978317
854,18.00771591067314
855,17.711693193763494
856,17.600807078182697
857,17.886874422430992
858,17.399327971041203
859,17.774705059826374
860,17.597551077604294
861,17.075043998658657
862,17.283051192760468
863,17.193438157439232
864,17.335989467799664
865,17.28013800084591
866,17.486330844461918
867,18.00868433713913
868,17.517990350723267
869,17.36312947422266
870,17.211610231548548
871,17.389129877090454
872,17.825717002153397
873,17.068808004260063
874,17.028944246470928
875,17.02325100451708
876,17.291731163859367
877,17.305814132094383
878,17.480100452899933
879,18.215450704097748
880,17.455576617270708
881,17.437431927770376
882,17.140283472836018
883,17.080098621547222
884,17.126943491399288
885,16.876142021268606
886,16.85312057286501
887,16.866800967603922
888,17.56800289452076
889,17.623947322368622
890,17.143597900867462
891,17.11788509786129
892,17.34388778358698
893,17.370447538793087
894,17.28273666650057
895,17.471599616110325
896,17.970139548182487
897,17.66958924382925
898,17.36071015894413
899,17.364784881472588
900,17.48808640241623
901,17.72841003537178
902,17.193299777805805
903,17.041276812553406
904,17.03469180315733
905,17.177629932761192
906,17.210628792643547
907,17.28429228067398
908,17.252452947199345
909,17.421498104929924
910,17.984048157930374
911,17.44657639414072
912,17.306622073054314
913,17.28041736781597
914,17.259119302034378
915,17.24948288500309
916,17.56371109187603
917,17.589452028274536
918,17.455656617879868
919,17.28537091612816
920,17.563937559723854
921,17.351700514554977
922,17.195112973451614
923,17.360650837421417
924,17.513797610998154
925,17.388741247355938
926,17.27499231696129
927,17.72408401966095
928,17.748000383377075
929,17.202028706669807
930,17.335044987499714
931,17.084619991481304
932,17.24923451244831
933,17.232930213212967
934,16.800283938646317
935,17.095445707440376
936,17.493002578616142
937,18.03355449438095
938,17.638827845454216
939,17.977704107761383
940,17.53653810918331
941,17.260887917131186
942,17.365796893835068
943,17.32134199142456
944,17.387804932892323
945,17.576063878834248
946,17.521251551806927
947,18.19387513399124
948,17.363680355250835
949,17.3646619617939
950,17.219496369361877
951,17.312558714300394
952,17.216152504086494
953,17.307637970894575
954,16.982845813035965
955,16.976360008120537
956,16.970500841736794
957,16.96430054306984
958,17.364576801657677
959,17.467553466558456
960,16.998220920562744
961,17.00226791203022
962,17.20758132636547
963,17.124730922281742
964,17.27587680518627
965,17.44525757431984
966,17.707397654652596
967,17.413325026631355
968,17.3766907453537
969,17.236944794654846
970,17.254209086298943
971,16.97228318452835
972,16.892419040203094
973,17.245564810931683
974,17.091382570564747
975,17.239067018032074
976,17.64482517540455
977,17.963617622852325
978,17.197717770934105
979,15.203247152268887
980,15.163347244262695
981,15.163347244262695
982,15.653256088495255
983,16.50574767589569
984,15.188759841024876
985,15.188759841024876
986,15.539987709373236
987,15.7833486571908
988,16.139328874647617
989,16.13005206733942
990,15.794874001294374
991,16.429232373833656
992,17.190557599067688
993,16.004447609186172
994,16.119099222123623
995,15.823592334985733
996,15.57513603568077
997,15.169901821762323
998,15.167614467442036
999,15.433487594127655
1000,15.188759841024876
1001,15.188759841024876
1002,15.188759841024876
1003,15.21787566691637
1004,15.188759841024876
1005,15.226575136184692
1006,15.254147808998823
1007,15.188759841024876
1008,15.188759841024876
1009,15.226575136184692
1010,15.188759841024876
1011,15.226575136184692
1012,15.188759841024876
1013,15.226575136184692
1014,15.188759841024876
1015,15.188759841024876
1016,15.188759841024876
1017,15.265163976699114
1018,15.188759841024876
1019,15.188759841024876
1020,15.21787566691637
1021,15.188759841024876
1022,15.188759841024876
1023,15.21787566691637
1024,15.226575136184692
1025,15.188759841024876
1026,15.226575136184692
1027,15.188759841024876
1028,15.188759841024876
1029,17.12255171686411
1030,17.25152749568224
1031,17.123039573431015
1032,17.21452432870865
1033,17.081060752272606
1034,17.075547367334366
1035,17.107984803617
1036,17.077058508992195
1037,17.052963368594646
1038,17.052359476685524
1039,17.052296072244644
1040,17.05255125463009
1041,17.052015341818333
1042,17.04988521337509
1043,17.161792941391468
1044,17.117382675409317
1045,17.27233748137951
1046,17.038582481443882
1047,17.018318459391594
1048,17.004083290696144
1049,17.167829155921936
1050,17.1538929566741
1051,17.11506026238203
1052,17.096973035484552
1053,17.310811698436737
1054,17.11619210988283
1055,17.082181837409735
1056,17.075562562793493
1057,17.10569031536579
1058,17.247725881636143
1059,17.267078645527363
1060,17.634395644068718
1061,17.200051724910736
1062,17.19041631370783
1063,16.914798766374588
1064,16.850876227021217
1065,16.921239838004112
1066,17.49006249010563
1067,17.86050333082676
1068,17.314564865082502
1069,17.11415445804596
1070,17.14313153922558
1071,17.10725735127926
1072,17.23516920208931
1073,17.273351915180683
1074,17.217580500990152
1075,17.450369119644165
1076,17.930996537208557
1077,17.343300595879555
1078,17.196593686938286
1079,17.052302852272987
1080,16.966013684868813
1081,16.976288974285126
1082,17.016482546925545
1083,16.965015575289726
1084,16.958016976714134
1085,16.94839596375823
1086,16.941820666193962
1087,16.932652860879898
1088,16.93586080521345
1089,16.912925750017166
1090,17.21290110051632
1091,17.52636805176735
1092,17.239643022418022
1093,16.972903102636337
1094,16.95531015843153
1095,16.945041373372078
1096,16.93369384855032
1097,16.923058159649372
1098,16.91122679412365
1099,16.899817511439323
1100,16.932460770010948
1101,16.868155509233475
1102,16.92541766166687
1103,16.834589645266533
1104,16.81823195517063
1105,16.908159613609314
1106,17.192803263664246
1107,17.111944243311882
1108,17.807246685028076
1109,17.0958589091897
1110,17.102170009166002
1111,17.06713270023465
1112,17.43269744515419
1113,17.696263015270233
1114,17.078405909240246
1115,17.06298676878214
1116,17.222875520586967
1117,17.123210716992617
1118,17.080620616674423
1119,17.093924209475517
1120,17.04109951853752
1121,17.231010876595974
1122,17.074090629816055
1123,17.067157417535782
1124,17.02490098029375
1125,17.178800791502
1126,17.021640852093697
1127,17.165915325284004
1128,17.650821082293987
1129,18.14283639192581
1130,17.467635601758957
1131,17.200243405997753
1132,16.946900960057974
1133,16.93023094534874
1134,16.920692920684814
1135,17.4050282984972
1136,17.525468289852142
1137,16.988592445850372
1138,16.984260067343712
1139,16.971804536879063
1140,16.961954548954964
1141,16.96173918247223
1142,16.956343829631805
1143,17.122051656246185
1144,17.09495932608843
1145,17.246478095650673
1146,17.045299142599106
1147,17.196690022945404
1148,17.38517226278782
1149,17.63965205848217
1150,16.853505957871675
1151,16.849997136741877
1152,16.846410267055035
1153,16.838914159685373
1154,16.834288973361254
1155,16.808784402906895
1156,17.243219152092934
1157,17.79605919122696
1158,17.569248989224434
1159,17.137357398867607
1160,16.815185993909836
1161,16.91572441160679
1162,16.863055616617203
1163,16.803070962429047
1164,16.9848575592041
1165,16.846726521849632
1166,17.14366066455841
1167,17.32166290283203
1168,17.316935919225216
1169,17.343319341540337
1170,17.39681702852249
1171,17.337551593780518
1172,17.545250795781612
1173,17.515932731330395
1174,18.195410132408142
1175,17.53566823154688
1176,17.352120965719223
1177,17.199355512857437
1178,17.067386098206043
1179,17.0044998973608
1180,17.001850232481956
1181,16.998967804014683
1182,17.049117885529995
1183,16.97045300900936
1184,16.983412757515907
1185,16.978620141744614
1186,17.60060954093933
1187,17.76729753613472
1188,17.35998809337616
1189,17.02973883599043
1190,17.02496077120304
1191,17.020732663571835
1192,17.01270505785942
1193,17.00945558398962
1194,17.16215158253908
1195,17.498335123062134
1196,18.039419174194336
1197,17.172724783420563
1198,17.112844184041023
1199,17.20210810750723
1200,16.89023357257247
1201,16.885743226855993
1202,17.346911668777466
1203,17.82600411772728
1204,17.697808980941772
1205,17.574521958827972
1206,17.470003716647625
1207,17.41921728849411
1208,18.12192276120186
1209,18.225256070494652
1210,18.042932093143463
1211,17.36089324951172
1212,16.924688935279846
1213,17.09549354016781
1214,17.243220046162605
1215,18.026924073696136
1216,17.331756114959717
1217,16.8176862411201
1218,16.83012031391263
1219,17.403370290994644
1220,18.408182501792908
1221,17.31718348711729
1222,17.216303914785385
1223,17.139795571565628
1224,17.050109162926674
1225,17.112277925014496
1226,17.104707300662994
1227,17.114114373922348
1228,17.209917455911636
1229,17.059572979807854
1230,17.202334083616734
1231,17.33407925069332
1232,17.494777843356133
1233,18.239312648773193
1234,17.20988481491804
1235,17.217535592615604
1236,17.05088808387518
1237,16.99051885306835
1238,16.985588550567627
1239,17.004516646265984
1240,16.975979372859
1241,16.9714452624321
1242,16.966805770993233
1243,16.96215794980526
1244,16.98415721207857
1245,16.948294509202242
1246,16.941939249634743
1247,16.94664330407977
1248,16.926136568188667
1249,16.91757147014141
1250,16.94244782626629
1251,16.906278535723686
1252,16.922034867107868
1253,16.89656388759613
1254,16.8914907425642
1255,16.902902461588383
1256,17.348276868462563
1257,17.53343367576599
1258,16.939735367894173
1259,16.980878695845604
1260,16.92205508798361
1261,16.943486094474792
1262,17.12333247065544
1263,17.271804943680763
1264,18.541980355978012
1265,17.07872499525547
1266,16.83899075910449
1267,16.83998739346862
1268,16.82913603261113
1269,16.82475183531642
1270,16.831725168973207
1271,15.502972293645144
1272,15.992995411157608
1273,16.12078347429633
1274,16.30554309487343
1275,17.181498259305954
1276,16.386250287294388
1277,16.39993552863598
1278,16.283589124679565
1279,17.0958589091897
1280,17.093595400452614
1281,17.08414076268673
1282,17.0958589091897
1283,17.3347003236413
1284,18.06023535132408
1285,17.376028209924698
1286,17.076335340738297
1287,17.107601672410965
1288,17.061026714742184
1289,17.05557730793953
1290,17.066475905478
1291,17.052249930799007
1292,17.05193729698658
1293,17.3103938549757
1294,17.329811319708824
1295,17.464359901845455
1296,18.56818777322769
1297,17.490685004740953
1298,17.29671734198928
1299,17.03605541959405
1300,17.075448743999004
1301,17.05573533475399
1302,17.466274574398994
1303,17.660035997629166
1304,17.403719879686832
1305,17.12851582467556
1306,17.35464958101511
1307,17.227695249021053
1308,17.170123662799597
1309,17.11432648077607
1310,17.26713014394045
1311,17.4735769033432
1312,18.012663632631302
1313,17.22398366779089
1314,17.218870297074318
1315,17.21784593909979
1316,17.44409839808941
1317,17.84727367758751
1318,17.050214059650898
1319,17.048132330179214
1320,17.30912809073925
1321,17.32666850090027
1322,17.1337111890316
1323,17.506780952215195
1324,18.236818075180054
1325,17.673286646604538
1326,17.769330263137817
1327,17.318296119570732
1328,17.225811138749123
1329,16.994888558983803
1330,16.990115076303482
1331,17.16792356967926
1332,17.342682108283043
1333,17.307447403669357
1334,17.29443645477295
1335,17.984124675393105
1336,18.49539750814438
1337,17.42017001658678
1338,17.275140322744846
1339,17.248360097408295
1340,17.339622732251883
1341,17.279822923243046
1342,17.276115015149117
1343,17.054901774972677
1344,17.073293767869473
1345,17.063231095671654
1346,17.056899420917034
1347,17.032614834606647
1348,17.0347857773304
1349,17.006626084446907
1350,17.002855971455574
1351,16.997598327696323
1352,16.989579163491726
1353,16.981769300997257
1354,17.33758121728897
1355,17.787880092859268
1356,17.33287711441517
1357,17.3313460201025
1358,17.01226519048214
1359,17.00512259453535
1360,17.157784312963486
1361,17.30685879290104
1362,17.104566633701324
1363,17.097987666726112
1364,17.06360835582018
1365,17.71620039641857
1366,17.95937091112137
1367,17.262041501700878
1368,17.079415559768677
1369,16.82064574211836
1370,16.84591793641448
1371,16.837803710252047
1372,16.83044672384858
1373,16.80744194239378
1374,17.873680591583252
1375,17.869105756282806
1376,17.29228502511978
1377,16.790097668766975
1378,17.250978991389275
1379,17.740518987178802
1380,17.52327634394169
1381,17.5048318952322
1382,16.780721217393875
1383,17.160842046141624
1384,17.1440761834383
1385,17.135367929935455
1386,17.574517980217934
1387,17.60525668412447
1388,17.54606992006302
1389,17.443234123289585
1390,17.84576177597046
1391,17.35530959814787
1392,17.327160224318504
1393,17.44117385149002
1394,17.067771591246128
1395,17.05156621336937
1396,17.35391490161419
1397,17.32039324939251
1398,17.113482803106308
1399,17.301328100264072
1400,17.433757320046425
1401,17.22410523146391
1402,17.192144215106964
1403,17.166809231042862
1404,17.15448398888111
1405,17.146654561161995
1406,17.36276165395975
1407,17.327889554202557
1408,17.30807538330555
1409,17.61358054727316
1410,18.112599790096283
1411,17.35793775320053
1412,17.45597667992115
1413,17.09086798131466
1414,17.111525863409042
1415,17.107858955860138
1416,17.252214029431343
1417,17.97948944568634
1418,17.052229300141335
1419,17.27279432117939
1420,17.501489609479904
1421,15.167614467442036
1422,15.265676937997341
1423,15.53426954895258
1424,16.279496729373932
1425,15.521262496709824
1426,15.508220188319683
1427,17.0958589091897
1428,17.182737924158573
1429,17.65036629140377
1430,17.172172360122204
1431,17.37120469659567
1432,17.519021660089493
1433,17.99109372496605
1434,17.492923229932785
1435,17.35397458076477
1436,17.212727777659893
1437,16.995023295283318
1438,16.987598404288292
1439,17.05277429521084
1440,16.972367614507675
1441,17.568466886878014
1442,17.8011272251606
1443,17.332130938768387
1444,17.2698385566473
1445,17.16411203145981
1446,17.312855526804924
1447,17.263605140149593
1448,17.24329474568367
1449,17.66590742766857
1450,18.23733812570572
1451,17.656418059021235
1452,17.661422789096832
1453,17.469898149371147
1454,17.745283365249634
1455,17.363859385252
1456,16.957931861281395
1457,17.298616752028465
1458,17.1459773555398
1459,17.248508110642433
1460,18.26021134853363
1461,17.40404835343361
1462,17.245878413319588
1463,17.410146474838257
1464,17.628564089536667
1465,17.502807095646858
1466,18.044506639242172
1467,16.833267524838448
1468,16.833000276237726
1469,16.821434181183577
1470,17.71411384642124
1471,17.830718755722046
1472,17.1712314337492
1473,17.275768876075745
1474,17.792339324951172
1475,17.034188449382782
1476,17.288211181759834
1477,17.939242899417877
1478,17.138563126325607
1479,17.09430982172489
1480,17.368097871541977
1481,17.44372421503067
1482,17.350072748959064
1483,17.97153327614069
1484,18.41310840845108
1485,17.361440002918243
1486,17.304493002593517
1487,17.308123365044594
1488,17.063605397939682
1489,17.062980473041534
1490,17.328059643507004
1491,18.06808152794838
1492,17.443536959588528
1493,17.50053419917822
1494,17.3347320407629
1495,17.502479299902916
1496,18.194111168384552
1497,17.684371404349804
1498,17.473276183009148
1499,17.19763919711113
1500,16.93733438849449
1501,17.36162304878235
1502,17.65447038412094
1503,17.13942301273346
1504,17.12211325764656
1505,17.105205334722996
1506,17.24331261217594
1507,17.69642946124077
1508,18.446983575820923
1509,17.824622310698032
1510,17.415477879345417
1511,17.07635223865509
1512,17.334123611450195
1513,17.526809215545654
1514,16.932360634207726
1515,16.868290200829506
1516,17.111620217561722
1517,17.29931838810444
1518,17.239462569355965
1519,17.410420790314674
1520,17.961991012096405
1521,16.010452296584845
1522,15.573469072580338
1523,15.163347244262695
1524,15.203247152268887
1525,15.169901821762323
1526,15.167614467442036
1527,15.167614467442036
1528,15.641872704029083
1529,15.997249737381935
1530,16.825710654258728
1531,17.41625515371561
1532,17.101858738809824
1533,17.069796565920115
1534,17.42905256152153
1535,17.71514230966568
1536,17.08067511767149
1537,17.107953161001205
1538,17.289757877588272
1539,17.32636308670044
1540,17.493148170411587
1541,18.01653629541397
1542,17.615959748625755
1543,17.353142134845257
1544,17.335589610040188
1545,17.1162224188447
1546,17.157423935830593
1547,17.077992908656597
1548,17.10801400244236
1549,17.292970523238182
1550,17.215477272868156
1551,17.132201444357634
1552,17.484269082546234
1553,17.485287837684155
1554,18.24802228808403
1555,17.524980627000332
1556,17.507146164774895
1557,17.470674008131027
1558,17.623585790395737
1559,17.309235960245132
1560,17.14727358520031
1561,17.306968614459038
1562,17.27052417397499
1563,17.269447803497314
1564,17.67246700823307
1565,18.228437423706055
1566,17.664144292473793
1567,17.31584356725216
1568,17.387918569147587
1569,17.25998244434595
1570,17.326715499162674
1571,17.942133456468582
1572,17.394742369651794
1573,16.953524604439735
1574,17.166079938411713
1575,17.288938269019127
1576,18.304981768131256
1577,17.234450235962868
1578,17.21600730717182
1579,17.268097668886185
1580,17.608129262924194
1581,16.819949433207512
1582,17.234625086188316
1583,17.104749158024788
1584,17.08934360742569
1585,17.480144381523132
1586,17.98549622297287
1587,17.194081351161003
1588,17.5088155195117
1589,17.26158480346203
1590,17.43427600711584
1591,17.1657135784626
1592,17.347057975828648
1593,17.398109309375286
1594,17.594323836266994
1595,18.11705507338047
1596,17.444475512951612
1597,17.270906563848257
1598,17.492423847317696
1599,17.584676325321198
1600,17.05507205426693
1601,17.20278326421976
1602,17.32718576490879
1603,17.50315235555172
1604,18.023723423480988
1605,17.34042575955391
1606,17.206846445798874
1607,17.197463393211365
1608,17.38488018512726
1609,18.216591954231262
1610,17.345923244953156
1611,17.178500525653362
1612,17.659105226397514
1613,17.804296135902405
1614,17.18083645403385
1615,17.363899648189545
1616,17.510734111070633
1617,17.41355612874031
1618,17.165691688656807
1619,17.488300815224648
1620,18.051923155784607
1621,17.24061893671751
1622,17.491212233901024
1623,17.584521293640137
1624,16.92380678653717
1625,16.94288620352745
1626,17.300205022096634
1627,17.47160930931568
1628,18.260032415390015
1629,17.41249345242977
1630,17.340083718299866
1631,17.507995277643204
1632,17.985413670539856
1633,17.93847407400608
1634,16.355411358177662
1635,16.62317095696926
1636,16.736156404018402
1637,16.067565888166428
1638,16.508973360061646
1639,15.503085050731897
1640,15.40802294947207
1641,15.502972293645144
1642,15.731172747910023
1643,15.842608839273453
1644,15.968284904956818
1645,16.30554309487343
1646,16.401409424841404
1647,16.894807174801826
1648,17.278912723064423
1649,15.919612795114517
1650,15.163347244262695
1651,15.490309804677963
1652,15.935623452067375
1653,16.033326625823975
1654,16.47493863105774
1655,15.188759841024876
1656,15.21787566691637
1657,15.226575136184692
1658,15.488733872771263
1659,15.710246361792088
1660,15.982318483293056
1661,16.344340350478888
1662,17.112437188625336
1663,16.426099702715874
1664,16.69922636449337
1665,17.32451421022415
1666,15.679459191858768
1667,15.835697568953037
1668,15.689950451254845
1669,16.01328932493925
1670,16.339305981993675
1671,17.264160692691803
1672,15.42779939621687
1673,15.21787566691637
1674,15.254147808998823
1675,15.188759841024876
1676,15.456698648631573
1677,15.693792305886745
1678,16.16275718808174
1679,16.510553173720837
1680,17.424592033028603
1681,16.972972184419632
1682,17.38002336025238
1683,15.989012263715267
1684,15.409699268639088
1685,17.75108791142702
1686,17.665510892868042
1687,17.6373083665967
1688,17.676094323396683
1689,18.33329349756241
1690,17.85650909692049
1691,18.495748817920685
1692,17.536413863301277
1693,18.263058796525
1694,18.334785863757133
1695,17.699288636446
1696,17.283365480601788
1697,17.073202058672905
1698,17.369168236851692
1699,17.0520231872797
1700,17.06647615879774
1701,17.231809332966805
1702,17.38799510896206
1703,17.395030304789543
1704,17.562886111438274
1705,18.69527703523636
1706,17.687152665108442
1707,17.36775253713131
1708,17.45115464925766
1709,17.65367455780506
1710,18.19946950674057
1711,17.44596429169178
1712,17.34743459522724
1713,17.164590552449226
1714,17.73445373773575
1715,18.0010969042778
1716,17.484825402498245
1717,17.451033875346184
1718,17.851269781589508
1719,17.610991030931473
1720,17.39914231747389
1721,17.676830023527145
1722,17.81267422437668
1723,17.284293178468943
1724,17.3088391572237
1725,17.528641253709793
1726,17.281658239662647
1727,17.14576542377472
1728,17.37304313480854
1729,17.387489713728428
1730,17.72622610628605
1731,18.608096420764923
1732,17.481159828603268
1733,17.43654804676771
1734,17.76435825228691
1735,17.203048527240753
1736,17.051922045648098
1737,17.302619352936745
1738,17.32757343351841
1739,17.48311272263527
1740,18.685212910175323
1741,17.503323435783386
1742,17.351071625947952
1743,17.415389586240053
1744,17.35285982489586
1745,18.023220658302307
1746,17.636127837002277
1747,17.60943467915058
1748,17.777445927262306
1749,18.458225548267365
1750,17.667947947978973
1751,17.750044777989388
1752,17.758831679821014
1753,17.283469438552856
1754,17.294776782393456
1755,17.346952825784683
1756,17.152814269065857
1757,17.51493611931801
1758,18.51578015089035
1759,17.39080622792244
1760,17.38188449293375
1761,16.87842805683613
1762,16.86955027282238
1763,17.00217631459236
1764,17.105666503310204
1765,17.501839831471443
1766,18.66475197672844
1767,17.375644266605377
1768,17.59731824696064
1769,17.795820981264114
1770,17.395875461399555
1771,17.297582671046257
1772,17.311932153999805
1773,17.28684851527214
1774,17.265052139759064
1775,18.3057359457016
1776,17.552339389920235
1777,17.272950008511543
1778,17.312706649303436
1779,17.165631771087646
1780,16.817666113376617
1781,17.07042321562767
1782,17.48353411257267
1783,18.3046695291996
1784,17.357919350266457
1785,17.336061388254166
1786,17.596601732075214
1787,17.654709815979004
1788,17.373269490897655
1789,17.364354498684406
1790,17.50054644793272
1791,17.85966496914625
1792,18.370193243026733
1793,17.599981732666492
1794,17.473628170788288
1795,17.22130984812975
1796,17.350140526890755
1797,17.80775538086891
1798,17.34945870190859
1799,17.31246756017208
1800,17.051703490316868
1801,17.321496054530144
1802,17.314985617995262
1803,17.71392957866192
1804,18.452669084072113
1805,17.880004048347473
1806,17.67720176279545
1807,17.322987586259842
1808,16.942327231168747
1809,17.13872141763568
1810,16.94702372327447
1811,16.915259018540382
1812,17.491992689669132
1813,17.644621819257736
1814,17.372511856257915
1815,17.32994082570076
1816,17.36715242266655
1817,17.353832319378853
1818,17.457623474299908
1819,17.899886339902878
1820,18.414586544036865
1821,17.83829392492771
1822,17.8399571031332
1823,17.806976556777954
1824,18.07134822010994
1825,17.171112686395645
1826,17.360415741801262
1827,17.498212218284607
1828,17.944067418575287
1829,18.44949072599411
1830,17.491887599229813
1831,17.31897184252739
1832,17.282987128943205
1833,17.253593638539314
1834,17.601920992136
1835,17.301729008555412
1836,17.264066472649574
1837,17.436060652136803
1838,18.21870893239975
1839,17.29790498688817
1840,17.273746609687805
1841,17.332324728369713
1842,17.83935371041298
1843,17.372718542814255
1844,17.245915338397026
1845,17.132259607315063
1846,17.09555423259735
1847,17.27224536985159
1848,17.211801409721375
1849,17.955926463007927
1850,18.208017230033875
1851,17.60417202115059
1852,17.597753524780273
1853,17.351005285978317
1854,18.00771591067314
1855,17.711693193763494
1856,17.600807078182697
1857,17.886874422430992
1858,17.399327971041203
1859,17.774705059826374
1860,17.597551077604294
1861,17.075043998658657
1862,17.283051192760468
1863,17.193438157439232
1864,17.335989467799664
1865,17.28013800084591
1866,17.486330844461918
1867,18.00868433713913
1868,17.517990350723267
1869,17.36312947422266
1870,17.211610231548548
1871,17.389129877090454
1872,17.825717002153397
1873,17.068808004260063
1874,17.028944246470928
1875,17.02325100451708
1876,17.291731163859367
1877,17.305814132094383
1878,17.480100452899933
1879,18.215450704097748
1880,17.455576617270708
1881,17.437431927770376
1882,17.140283472836018
1883,17.080098621547222
1884,17.126943491399288
1885,16.876142021268606
1886,16.85312057286501
1887,16.866800967603922
1888,17.56800289452076
1889,17.623947322368622
1890,17.143597900867462
1891,17.11788509786129
1892,17.34388778358698
1893,17.370447538793087
1894,17.28273666650057
1895,17.471599616110325
1896,17.970139548182487
1897,17.66958924382925
1898,17.36071015894413
1899,17.364784881472588
1900,17.48808640241623
1901,17.72841003537178
1902,17.193299777805805
1903,17.041276812553406
1904,17.03469180315733
1905,17.177629932761192
1906,17.210628792643547
1907,17.28429228067398
1908,17.252452947199345
1909,17.421498104929924
1910,17.984048157930374
1911,17.44657639414072
1912,17.306622073054314
1913,17.28041736781597
1914,17.259119302034378
1915,17.24948288500309
1916,17.56371109187603
1917,17.589452028274536
1918,17.455656617879868
1919,17.28537091612816
1920,17.563937559723854
1921,17.351700514554977
1922,17.195112973451614
1923,17.360650837421417
1924,17.513797610998154
1925,17.388741247355938
1926,17.27499231696129
1927,17.72408401966095
1928,17.748000383377075
1929,17.202028706669807
1930,17.335044987499714
1931,17.084619991481304
1932,17.24923451244831
1933,17.232930213212967
1934,16.800283938646317
1935,17.095445707440376
1936,17.493002578616142
1937,18.03355449438095
1938,17.638827845454216
1939,17.977704107761383
1940,17.53653810918331
1941,17.260887917131186
1942,17.365796893835068
1943,17.32134199142456
1944,17.387804932892323
1945,17.576063878834248
1946,17.521251551806927
1947,18.19387513399124
1948,17.363680355250835
1949,17.3646619617939
1950,17.219496369361877
1951,17.312558714300394
1952,17.216152504086494
1953,17.307637970894575
1954,16.982845813035965
1955,16.976360008120537
1956,16.970500841736794
1957,16.96430054306984
1958,17.364576801657677
1959,17.467553466558456
1960,16.998220920562744
1961,17.00226791203022
1962,17.20758132636547
1963,17.124730922281742
1964,17.27587680518627
1965,17.44525757431984
1966,17.707397654652596
1967,17.413325026631355
1968,17.3766907453537
1969,17.236944794654846
1970,17.254209086298943
1971,16.97228318452835
1972,16.892419040203094
1973,17.245564810931683
1974,17.091382570564747
1975,17.239067018032074
1976,17.64482517540455
1977,17.963617622852325
1978,17.197717770934105
1979,15.203247152268887
1980,15.163347244262695
1981,15.163347244262695
1982,15.653256088495255
1983,16.50574767589569
1984,15.188759841024876
1985,15.188759841024876
1986,15.539987709373236
1987,15.7833486571908
1988,16.139328874647617
1989,16.13005206733942
1990,15.794874001294374
1991,16.429232373833656
1992,17.190557599067688
1993,16.004447609186172
1994,16.119099222123623
1995,15.823592334985733
1996,15.57513603568077
1997,15.169901821762323
1998,15.167614467442036
1999,15.433487594127655
2000,15.188759841024876
2001,15.188759841024876
2002,15.188759841024876
2003,15.21787566691637
2004,15.188759841024876
2005,15.226575136184692
2006,15.254147808998823
2007,15.188759841024876
2008,15.188759841024876
2009,15.226575136184692
2010,15.188759841024876
2011,15.226575136184692
2012,15.188759841024876
2013,15.226575136184692
2014,15.188759841024876
2015,15.188759841024876
2016,15.188759841024876
2017,15.265163976699114
2018,15.188759841024876
2019,15.188759841024876
2020,15.21787566691637
2021,15.188759841024876
2022,15.188759841024876
2023,15.21787566691637
2024,15.226575136184692
2025,15.188759841024876
2026,15.226575136184692
2027,15.188759841024876
2028,15.188759841024876
2029,17.12255171686411
2030,17.25152749568224
2031,17.123039573431015
2032,17.21452432870865
2033,17.081060752272606
2034,17.075547367334366
2035,17.107984803617
2036,17.077058508992195
2037,17.052963368594646
2038,17.052359476685524
2039,17.052296072244644
2040,17.05255125463009
2041,17.052015341818333
2042,17.04988521337509
2043,17.161792941391468
2044,17.117382675409317
2045,17.27233748137951
2046,17.038582481443882
2047,17.018318459391594
2048,17.004083290696144
2049,17.167829155921936
2050,17.1538929566741
2051,17.11506026238203
2052,17.096973035484552
2053,17.310811698436737
2054,17.11619210988283
2055,17.082181837409735
2056,17.075562562793493
2057,17.10569031536579
2058,17.247725881636143
2059,17.267078645527363
2060,17.634395644068718
2061,17.200051724910736
2062,17.19041631370783
2063,16.914798766374588
2064,16.850876227021217
2065,16.921239838004112
2066,17.49006249010563
2067,17.86050333082676
2068,17.314564865082502
2069,17.11415445804596
2070,17.14313153922558
2071,17.10725735127926
2072,17.23516920208931
2073,17.273351915180683
2074,17.217580500990152
2075,17.450369119644165
2076,17.930996537208557
2077,17.343300595879555
2078,17.196593686938286
2079,17.052302852272987
2080,16.966013684868813
2081,16.976288974285126
2082,17.016482546925545
2083,16.965015575289726
2084,16.958016976714134
2085,16.94839596375823
2086,16.941820666193962
2087,16.932652860879898
2088,16.93586080521345
2089,16.912925750017166
2090,17.21290110051632
2091,17.52636805176735
2092,17.239643022418022
2093,16.972903102636337
2094,16.95531015843153
2095,16.945041373372078
2096,16.93369384855032
2097,16.923058159649372
2098,16.91122679412365
2099,16.899817511439323
2100,16.932460770010948
2101,16.868155509233475
2102,16.92541766166687
2103,16.834589645266533
2104,16.81823195517063
2105,16.908159613609314
2106,17.192803263664246
2107,17.111944243311882
2108,17.807246685028076
2109,17.0958589091897
2110,17.102170009166002
2111,17.06713270023465
2112,17.43269744515419
2113,17.696263015270233
2114,17.078405909240246
2115,17.06298676878214
2116,17.222875520586967
2117,17.123210716992617
2118,17.080620616674423
2119,17.093924209475517
2120,17.04109951853752
2121,17.231010876595974
2122,17.074090629816055
2123,17.067157417535782
2124,17.02490098029375
2125,17.178800791502
2126,17.021640852093697
2127,17.165915325284004
2128,17.650821082293987
2129,18.14283639192581
2130,17.467635601758957
2131,17.200243405997753
2132,16.946900960057974
2133,16.93023094534874
2134,16.920692920684814
2135,17.4050282984972
2136,17.525468289852142
2137,16.988592445850372
2138,16.984260067343712
2139,16.971804536879063
2140,16.961954548954964
2141,16.96173918247223
2142,16.956343829631805
2143,17.122051656246185
2144,17.09495932608843
2145,17.246478095650673
2146,17.045299142599106
2147,17.196690022945404
2148,17.38517226278782
2149,17.63965205848217
2150,16.853505957871675
2151,16.849997136741877
2152,16.846410267055035
2153,16.838914159685373
2154,16.834288973361254
2155,16.808784402906895
2156,17.243219152092934
2157,17.79605919122696
2158,17.569248989224434
2159,17.137357398867607
2160,16.815185993909836
2161,16.91572441160679
2162,16.863055616617203
2163,16.803070962429047
2164,16.9848575592041
2165,16.846726521849632
2166,17.14366066455841
2167,17.32166290283203
2168,17.316935919225216
2169,17.343319341540337
2170,17.39681702852249
2171,17.337551593780518
2172,17.545250795781612
2173,17.515932731330395
2174,18.195410132408142
2175,17.53566823154688
2176,17.352120965719223
2177,17.199355512857437
2178,17.067386098206043
2179,17.0044998973608
2180,17.001850232481956
2181,16.998967804014683
2182,17.049117885529995
2183,16.97045300900936
2184,16.983412757515907
2185,16.978620141744614
2186,17.60060954093933
2187,17.76729753613472
2188,17.35998809337616
2189,17.02973883599043
2190,17.02496077120304
2191,17.020732663571835
2192,17.01270505785942
2193,17.00945558398962
2194,17.16215158253908
2195,17.498335123062134
2196,18.039419174194336
2197,17.172724783420563
2198,17.112844184041023
2199,17.20210810750723
2200,16.89023357257247
2201,16.885743226855993
2202,17.346911668777466
2203,17.82600411772728
2204,17.697808980941772
2205,17.574521958827972
2206,17.470003716647625
2207,17.41921728849411
2208,18.12192276120186
2209,18.225256070494652
2210,18.042932093143463
2211,17.36089324951172
2212,16.924688935279846
2213,17.09549354016781
2214,17.243220046162605
2215,18.026924073696136
2216,17.331756114959717
2217,16.8176862411201
2218,16.83012031391263
2219,17.403370290994644
2220,18.408182501792908
2221,17.31718348711729
2222,17.216303914785385
2223,17.139795571565628
2224,17.050109162926674
2225,17.112277925014496
2226,17.104707300662994
2227,17.114114373922348
2228,17.209917455911636
2229,17.059572979807854
2230,17.202334083616734
2231,17.33407925069332
2232,17.494777843356133
2233,18.239312648773193
2234,17.20988481491804
2235,17.217535592615604
2236,17.05088808387518
2237,16.99051885306835
2238,16.985588550567627
2239,17.004516646265984
2240,16.975979372859
2241,16.9714452624321
2242,16.966805770993233
2243,16.96215794980526
2244,16.98415721207857
2245,16.948294509202242
2246,16.941939249634743
2247,16.94664330407977
2248,16.926136568188667
2249,16.91757147014141
2250,16.94244782626629
2251,16.906278535723686
2252,16.922034867107868
2253,16.89656388759613
2254,16.8914907425642
2255,16.902902461588383
2256,17.348276868462563
2257,17.53343367576599
2258,16.939735367894173
2259,16.980878695845604
2260,16.92205508798361
2261,16.943486094474792
2262,17.12333247065544
2263,17.271804943680763
2264,18.541980355978012
2265,17.07872499525547
2266,16.83899075910449
2267,16.83998739346862
2268,16.82913603261113
2269,16.82475183531642
2270,16.831725168973207
2271,15.502972293645144
2272,15.992995411157608
2273,16.12078347429633
2274,16.30554309487343
2275,17.181498259305954
2276,16.386250287294388
2277,16.39993552863598
2278,16.283589124679565
2279,17.0958589091897
2280,17.093595400452614
2281,17.08414076268673
2282,17.0958589091897
2283,17.3347003236413
2284,18.06023535132408
2285,17.376028209924698
2286,17.076335340738297
2287,17.107601672410965
2288,17.061026714742184
2289,17.05557730793953
2290,17.066475905478
2291,17.052249930799007
2292,17.05193729698658
2293,17.3103938549757
2294,17.329811319708824
2295,17.464359901845455
2296,18.56818777322769
2297,17.490685004740953
2298,17.29671734198928
2299,17.03605541959405
2300,17.075448743999004
2301,17.05573533475399
2302,17.466274574398994
2303,17.660035997629166
2304,17.403719879686832
2305,17.12851582467556
2306,17.35464958101511
2307,17.227695249021053
2308,17.170123662799597
2309,17.11432648077607
2310,17.26713014394045
2311,17.4735769033432
2312,18.012663632631302
2313,17.22398366779089
2314,17.218870297074318
2315,17.21784593909979
2316,17.44409839808941
2317,17.84727367758751
2318,17.050214059650898
2319,17.048132330179214
2320,17.30912809073925
2321,17.32666850090027
2322,17.1337111890316
2323,17.506780952215195
2324,18.236818075180054
2325,17.673286646604538
2326,17.769330263137817
2327,17.318296119570732
2328,17.225811138749123
2329,16.994888558983803
2330,16.990115076303482
2331,17.16792356967926
2332,17.342682108283043
2333,17.307447403669357
2334,17.29443645477295
2335,17.984124675393105
2336,18.49539750814438
2337,17.42017001658678
2338,17.275140322744846
2339,17.248360097408295
2340,17.339622732251883
2341,17.279822923243046
2342,17.276115015149117
2343,17.054901774972677
2344,17.073293767869473
2345,17.063231095671654
2346,17.056899420917034
2347,17.032614834606647
2348,17.0347857773304
2349,17.006626084446907
2350,17.002855971455574
2351,16.997598327696323
2352,16.989579163491726
2353,16.981769300997257
2354,17.33758121728897
2355,17.787880092859268
2356,17.33287711441517
2357,17.3313460201025
2358,17.01226519048214
2359,17.00512259453535
2360,17.157784312963486
2361,17.30685879290104
2362,17.104566633701324
2363,17.097987666726112
2364,17.06360835582018
2365,17.71620039641857
2366,17.95937091112137
2367,17.262041501700878
2368,17.079415559768677
2369,16.82064574211836
2370,16.84591793641448
2371,16.837803710252047
2372,16.83044672384858
2373,16.80744194239378
2374,17.873680591583252
2375,17.869105756282806
2376,17.29228502511978
2377,16.790097668766975
2378,17.250978991389275
2379,17.740518987178802
2380,17.52327634394169
2381,17.5048318952322
2382,16.780721217393875
2383,17.160842046141624
2384,17.1440761834383
2385,17.135367929935455
2386,17.574517980217934
2387,17.60525668412447
2388,17.54606992006302
2389,17.443234123289585
2390,17.84576177597046
2391,17.35530959814787
2392,17.327160224318504
2393,17.44117385149002
2394,17.067771591246128
2395,17.05156621336937
2396,17.35391490161419
2397,17.32039324939251
2398,17.113482803106308
2399,17.301328100264072
2400,17.433757320046425
2401,17.22410523146391
2402,17.192144215106964
2403,17.166809231042862
2404,17.15448398888111
2405,17.146654561161995
2406,17.36276165395975
2407,17.327889554202557
2408,17.30807538330555
2409,17.61358054727316
2410,18.112599790096283
2411,17.35793775320053
2412,17.45597667992115
2413,17.09086798131466
2414,17.111525863409042
2415,17.107858955860138
2416,17.252214029431343
2417,17.97948944568634
2418,17.052229300141335
2419,17.27279432117939
2420,17.501489609479904
2421,15.167614467442036
2422,15.265676937997341
2423,15.53426954895258
2424,16.279496729373932
2425,15.521262496709824
2426,15.508220188319683
2427,17.0958589091897
2428,17.182737924158573
2429,17.65036629140377
2430,17.172172360122204
2431,17.37120469659567
2432,17.519021660089493
2433,17.99109372496605
2434,17.492923229932785
2435,17.35397458076477
2436,17.212727777659893
2437,16.995023295283318
2438,16.987598404288292
2439,17.05277429521084
2440,16.972367614507675
2441,17.568466886878014
2442,17.8011272251606
2443,17.332130938768387
2444,17.2698385566473
2445,17.16411203145981
2446,17.312855526804924
2447,17.263605140149593
2448,17.24329474568367
2449,17.66590742766857
2450,18.23733812570572
2451,17.656418059021235
2452,17.661422789096832
2453,17.469898149371147
2454,17.745283365249634
2455,17.363859385252
2456,16.957931861281395
2457,17.298616752028465
2458,17.1459773555398
2459,17.248508110642433
2460,18.26021134853363
2461,17.40404835343361
2462,17.245878413319588
2463,17.410146474838257
2464,17.628564089536667
2465,17.502807095646858
2466,18.044506639242172
2467,16.833267524838448
2468,16.833000276237726
2469,16.821434181183577
2470,17.71411384642124
2471,17.830718755722046
2472,17.1712314337492
2473,17.275768876075745
2474,17.792339324951172
2475,17.034188449382782
2476,17.288211181759834
2477,17.939242899417877
2478,17.138563126325607
2479,17.09430982172489
2480,17.368097871541977
2481,17.44372421503067
2482,17.350072748959064
2483,17.97153327614069
2484,18.41310840845108
2485,17.361440002918243
2486,17.304493002593517
2487,17.308123365044594
2488,17.063605397939682
2489,17.062980473041534
2490,17.328059643507004
2491,18.06808152794838
2492,17.443536959588528
2493,17.50053419917822
2494,17.3347320407629
2495,17.502479299902916
2496,18.194111168384552
2497,17.684371404349804
2498,17.473276183009148
2499,17.19763919711113
2500,16.93733438849449
2501,17.36162304878235
2502,17.65447038412094
2503,17.13942301273346
2504,17.12211325764656
2505,17.105205334722996
2506,17.24331261217594
2507,17.69642946124077
2508,18.446983575820923
2509,17.824622310698032
2510,17.415477879345417
2511,17.07635223865509
2512,17.334123611450195
2513,17.526809215545654
2514,16.932360634207726
2515,16.868290200829506
2516,17.111620217561722
2517,17.29931838810444
2518,17.239462569355965
2519,17.410420790314674
2520,17.961991012096405
2521,16.010452296584845
2522,15.573469072580338
2523,15.163347244262695
2524,15.203247152268887
2525,15.169901821762323
2526,15.167614467442036
2527,15.167614467442036
2528,15.641872704029083
2529,15.997249737381935
2530,16.825710654258728
2531,17.41625515371561
2532,17.101858738809824
2533,17.069796565920115
2534,17.42905256152153
2535,17.71514230966568
2536,17.08067511767149
2537,17.107953161001205
2538,17.289757877588272
2539,17.32636308670044
2540,17.493148170411587
2541,18.01653629541397
2542,17.615959748625755
2543,17.353142134845257
2544,17.335589610040188
2545,17.1162224188447
2546,17.157423935830593
2547,17.077992908656597
2548,17.10801400244236
2549,17.292970523238182
2550,17.215477272868156
2551,17.132201444357634
2552,17.484269082546234
2553,17.485287837684155
2554,18.24802228808403
2555,17.524980627000332
2556,17.507146164774895
2557,17.470674008131027
2558,17.623585790395737
2559,17.309235960245132
2560,17.14727358520031
2561,17.306968614459038
2562,17.27052417397499
2563,17.269447803497314
2564,17.67246700823307
2565,18.228437423706055
2566,17.664144292473793
2567,17.31584356725216
2568,17.387918569147587
2569,17.25998244434595
2570,17.326715499162674
2571,17.942133456468582
2572,17.394742369651794
2573,16.953524604439735
2574,17.166079938411713
2575,17.288938269019127
2576,18.304981768131256
2577,17.234450235962868
2578,17.21600730717182
2579,17.268097668886185
2580,17.608129262924194
2581,16.819949433207512
2582,17.234625086188316
2583,17.104749158024788
2584,17.08934360742569
2585,17.480144381523132
2586,17.98549622297287
2587,17.194081351161003
2588,17.5088155195117
2589,17.26158480346203
2590,17.43427600711584
2591,17.1657135784626
2592,17.347057975828648
2593,17.398109309375286
2594,17.594323836266994
2595,18.11705507338047
2596,17.444475512951612
2597,17.270906563848257
2598,17.492423847317696
2599,17.584676325321198
2600,17.05507205426693
2601,17.20278326421976
2602,17.32718576490879
2603,17.50315235555172
2604,18.023723423480988
2605,17.34042575955391
2606,17.206846445798874
2607,17.197463393211365
2608,17.38488018512726
2609,18.216591954231262
2610,17.345923244953156
2611,17.178500525653362
2612,17.659105226397514
2613,17.804296135902405
2614,17.18083645403385
2615,17.363899648189545
2616,17.510734111070633
2617,17.41355612874031
2618,17.165691688656807
2619,17.488300815224648
2620,18.051923155784607
2621,17.24061893671751
2622,17.491212233901024
2623,17.584521293640137
2624,16.92380678653717
2625,16.94288620352745
2626,17.300205022096634
2627,17.47160930931568
2628,18.260032415390015
2629,17.41249345242977
2630,17.340083718299866
2631,17.507995277643204
2632,17.985413670539856
2633,17.93847407400608
2634,16.355411358177662
2635,16.62317095696926
2636,16.736156404018402
2637,16.067565888166428
2638,16.508973360061646
2639,15.503085050731897
2640,15.40802294947207
2641,15.502972293645144
2642,15.731172747910023
2643,15.842608839273453
2644,15.968284904956818
2645,16.30554309487343
2646,16.401409424841404
2647,16.894807174801826
2648,17.278912723064423
2649,15.919612795114517
2650,15.163347244262695
2651,15.490309804677963
2652,15.935623452067375
2653,16.033326625823975
2654,16.47493863105774
2655,15.188759841024876
2656,15.21787566691637
2657,15.226575136184692
2658,15.488733872771263
2659,15.710246361792088
2660,15.982318483293056
2661,16.344340350478888
2662,17.112437188625336
2663,16.426099702715874
2664,16.69922636449337
2665,17.32451421022415
2666,15.679459191858768
2667,15.835697568953037
2668,15.689950451254845
2669,16.01328932493925
2670,16.339305981993675
2671,17.264160692691803
2672,15.42779939621687
2673,15.21787566691637
2674,15.254147808998823
2675,15.188759841024876
2676,15.456698648631573
2677,15.693792305886745
2678,16.16275718808174
2679,16.510553173720837
2680,17.424592033028603
2681,16.972972184419632
2682,17.38002336025238
2683,15.989012263715267
2684,15.409699268639088
2685,17.75108791142702
2686,17.665510892868042
2687,17.6373083665967
2688,17.676094323396683
2689,18.33329349756241
2690,17.85650909692049
2691,18.495748817920685
2692,17.536413863301277
2693,18.263058796525
2694,18.334785863757133
2695,17.699288636446
2696,17.283365480601788
2697,17.073202058672905
2698,17.369168236851692
2699,17.0520231872797
2700,17.06647615879774
2701,17.231809332966805
2702,17.38799510896206
2703,17.395030304789543
2704,17.562886111438274
2705,18.69527703523636
2706,17.687152665108442
2707,17.36775253713131
2708,17.45115464925766
2709,17.65367455780506
2710,18.19946950674057
2711,17.44596429169178
2712,17.34743459522724
2713,17.164590552449226
2714,17.73445373773575
2715,18.0010969042778
2716,17.484825402498245
2717,17.451033875346184
2718,17.851269781589508
2719,17.610991030931473
2720,17.39914231747389
2721,17.676830023527145
2722,17.81267422437668
2723,17.284293178468943
2724,17.3088391572237
2725,17.528641253709793
2726,17.281658239662647
2727,17.14576542377472
2728,17.37304313480854
2729,17.387489713728428
2730,17.72622610628605
2731,18.608096420764923
2732,17.481159828603268
2733,17.43654804676771
2734,17.76435825228691
2735,17.203048527240753
2736,17.051922045648098
2737,17.302619352936745
2738,17.32757343351841
2739,17.48311272263527
2740,18.685212910175323
2741,17.503323435783386
2742,17.351071625947952
2743,17.415389586240053
2744,17.35285982489586
2745,18.023220658302307
2746,17.636127837002277
2747,17.60943467915058
2748,17.777445927262306
2749,18.458225548267365
2750,17.667947947978973
2751,17.750044777989388
2752,17.758831679821014
2753,17.283469438552856
2754,17.294776782393456
2755,17.346952825784683
2756,17.152814269065857
2757,17.51493611931801
2758,18.51578015089035
2759,17.39080622792244
2760,17.38188449293375
2761,16.87842805683613
2762,16.86955027282238
2763,17.00217631459236
2764,17.105666503310204
2765,17.501839831471443
2766,18.66475197672844
2767,17.375644266605377
2768,17.59731824696064
2769,17.795820981264114
2770,17.395875461399555
2771,17.297582671046257
2772,17.311932153999805
2773,17.28684851527214
2774,17.265052139759064
2775,18.3057359457016
2776,17.552339389920235
2777,17.272950008511543
2778,17.312706649303436
2779,17.165631771087646
2780,16.817666113376617
2781,17.07042321562767
2782,17.48353411257267
2783,18.3046695291996
2784,17.357919350266457
2785,17.336061388254166
2786,17.596601732075214
2787,17.654709815979004
2788,17.373269490897655
2789,17.364354498684406
2790,17.50054644793272
2791,17.85966496914625
2792,18.370193243026733
2793,17.599981732666492
2794,17.473628170788288
2795,17.22130984812975
2796,17.350140526890755
2797,17.80775538086891
2798,17.34945870190859
2799,17.31246756017208
2800,17.051703490316868
2801,17.321496054530144
2802,17.314985617995262
2803,17.71392957866192
2804,18.452669084072113
2805,17.880004048347473
2806,17.67720176279545
2807,17.322987586259842
2808,16.942327231168747
2809,17.13872141763568
2810,16.94702372327447
2811,16.915259018540382
2812,17.491992689669132
2813,17.644621819257736
2814,17.372511856257915
2815,17.32994082570076
2816,17.36715242266655
2817,17.353832319378853
2818,17.457623474299908
2819,17.899886339902878
2820,18.414586544036865
2821,17.83829392492771
2822,17.8399571031332
2823,17.806976556777954
2824,18.07134822010994
2825,17.171112686395645
2826,17.360415741801262
2827,17.498212218284607
2828,17.944067418575287
2829,18.44949072599411
2830,17.491887599229813
2831,17.31897184252739
2832,17.282987128943205
2833,17.253593638539314
2834,17.601920992136
2835,17.301729008555412
2836,17.264066472649574
2837,17.436060652136803
2838,18.21870893239975
2839,17.29790498688817
2840,17.273746609687805
2841,17.332324728369713
2842,17.83935371041298
2843,17.372718542814255
2844,17.245915338397026
2845,17.132259607315063
2846,17.09555423259735
2847,17.27224536985159
2848,17.211801409721375
2849,17.955926463007927
2850,18.208017230033875
2851,17.60417202115059
2852,17.597753524780273
2853,17.351005285978317
2854,18.00771591067314
2855,17.711693193763494
2856,17.600807078182697
2857,17.886874422430992
2858,17.399327971041203
2859,17.774705059826374
2860,17.597551077604294
2861,17.075043998658657
2862,17.283051192760468
2863,17.193438157439232
2864,17.335989467799664
2865,17.28013800084591
2866,17.486330844461918
2867,18.00868433713913
2868,17.517990350723267
2869,17.36312947422266
2870,17.211610231548548
2871,17.389129877090454
2872,17.825717002153397
2873,17.068808004260063
2874,17.028944246470928
2875,17.02325100451708
2876,17.291731163859367
2877,17.305814132094383
2878,17.480100452899933
2879,18.215450704097748
2880,17.455576617270708
2881,17.437431927770376
2882,17.140283472836018
2883,17.080098621547222
2884,17.126943491399288
2885,16.876142021268606
2886,16.85312057286501
2887,16.866800967603922
2888,17.56800289452076
2889,17.623947322368622
2890,17.143597900867462
2891,17.11788509786129
2892,17.34388778358698
2893,17.370447538793087
2894,17.28273666650057
2895,17.471599616110325
2896,17.970139548182487
2897,17.66958924382925
2898,17.36071015894413
2899,17.364784881472588
2900,17.48808640241623
2901,17.72841003537178
2902,17.193299777805805
2903,17.041276812553406
2904,17.03469180315733
2905,17.177629932761192
2906,17.210628792643547
2907,17.28429228067398
2908,17.252452947199345
2909,17.421498104929924
2910,17.984048157930374
2911,17.44657639414072
2912,17.306622073054314
2913,17.28041736781597
2914,17.259119302034378
2915,17.24948288500309
2916,17.56371109187603
2917,17.589452028274536
2918,17.455656617879868
2919,17.28537091612816
2920,17.563937559723854
2921,17.351700514554977
2922,17.195112973451614
2923,17.360650837421417
2924,17.513797610998154
2925,17.388741247355938
2926,17.27499231696129
2927,17.72408401966095
2928,17.748000383377075
2929,17.202028706669807
2930,17.335044987499714
2931,17.084619991481304
2932,17.24923451244831
2933,17.232930213212967
2934,16.800283938646317
2935,17.095445707440376
2936,17.493002578616142
2937,18.03355449438095
2938,17.638827845454216
2939,17.977704107761383
2940,17.53653810918331
2941,17.260887917131186
2942,17.365796893835068
2943,17.32134199142456
2944,17.387804932892323
2945,17.576063878834248
2946,17.521251551806927
2947,18.19387513399124
2948,17.363680355250835
2949,17.3646619617939
2950,17.219496369361877
2951,17.312558714300394
2952,17.216152504086494
2953,17.307637970894575
2954,16.982845813035965
2955,16.976360008120537
2956,16.970500841736794
2957,16.96430054306984
2958,17.364576801657677
2959,17.467553466558456
2960,16.998220920562744
2961,17.00226791203022
2962,17.20758132636547
2963,17.124730922281742
2964,17.27587680518627
2965,17.44525757431984
2966,17.707397654652596
2967,17.413325026631355
2968,17.3766907453537
2969,17.236944794654846
2970,17.254209086298943
2971,16.97228318452835
2972,16.892419040203094
2973,17.245564810931683
2974,17.091382570564747
2975,17.239067018032074
2976,17.64482517540455
2977,17.963617622852325
2978,17.197717770934105
2979,15.203247152268887
2980,15.163347244262695
2981,15.163347244262695
2982,15.653256088495255
2983,16.50574767589569
2984,15.188759841024876
2985,15.188759841024876
2986,15.539987709373236
2987,15.7833486571908
2988,16.139328874647617
2989,16.13005206733942
2990,15.794874001294374
2991,16.429232373833656
2992,17.190557599067688
2993,16.004447609186172
2994,16.119099222123623
2995,15.823592334985733
2996,15.57513603568077
2997,15.169901821762323
2998,15.167614467442036
2999,15.433487594127655
3000,15.188759841024876
3001,15.188759841024876
3002,15.188759841024876
3003,15.21787566691637
3004,15.188759841024876
3005,15.226575136184692
3006,15.254147808998823
3007,15.188759841024876
3008,15.188759841024876
3009,15.226575136184692
3010,15.188759841024876
3011,15.226575136184692
3012,15.188759841024876
3013,15.226575136184692
3014,15.188759841024876
3015,15.188759841024876
3016,15.188759841024876
3017,15.265163976699114
3018,15.188759841024876
3019,15.188759841024876
3020,15.21787566691637
3021,15.188759841024876
3022,15.188759841024876
3023,15.21787566691637
3024,15.226575136184692
3025,15.188759841024876
3026,15.226575136184692
3027,15.188759841024876
3028,15.188759841024876
3029,17.12255171686411
3030,17.25152749568224
3031,17.123039573431015
3032,17.21452432870865
3033,17.081060752272606
3034,17.075547367334366
3035,17.107984803617
3036,17.077058508992195
3037,17.052963368594646
3038,17.052359476685524
3039,17.052296072244644
3040,17.05255125463009
3041,17.052015341818333
3042,17.04988521337509
3043,17.161792941391468
3044,17.117382675409317
3045,17.27233748137951
3046,17.038582481443882
3047,17.018318459391594
3048,17.004083290696144
3049,17.167829155921936
3050,17.1538929566741
3051,17.11506026238203
3052,17.096973035484552
3053,17.310811698436737
3054,17.11619210988283
3055,17.082181837409735
3056,17.075562562793493
3057,17.10569031536579
3058,17.247725881636143
3059,17.267078645527363
3060,17.634395644068718
3061,17.200051724910736
3062,17.19041631370783
3063,16.914798766374588
3064,16.850876227021217
3065,16.921239838004112
3066,17.49006249010563
3067,17.86050333082676
3068,17.314564865082502
3069,17.11415445804596
3070,17.14313153922558
3071,17.10725735127926
3072,17.23516920208931
3073,17.273351915180683
3074,17.217580500990152
3075,17.450369119644165
3076,17.930996537208557
3077,17.343300595879555
3078,17.196593686938286
3079,17.052302852272987
3080,16.966013684868813
3081,16.976288974285126
3082,17.016482546925545
3083,16.965015575289726
3084,16.958016976714134
3085,16.94839596375823
3086,16.941820666193962
3087,16.932652860879898
3088,16.93586080521345
3089,16.912925750017166
3090,17.21290110051632
3091,17.52636805176735
3092,17.239643022418022
3093,16.972903102636337
3094,16.95531015843153
3095,16.945041373372078
3096,16.93369384855032
3097,16.923058159649372
3098,16.91122679412365
3099,16.899817511439323
3100,16.932460770010948
3101,16.868155509233475
3102,16.92541766166687
3103,16.834589645266533
3104,16.81823195517063
3105,16.908159613609314
3106,17.192803263664246
3107,17.111944243311882
3108,17.807246685028076
3109,17.0958589091897
3110,17.102170009166002
3111,17.06713270023465
3112,17.43269744515419
3113,17.696263015270233
3114,17.078405909240246
3115,17.06298676878214
3116,17.222875520586967
3117,17.123210716992617
3118,17.080620616674423
3119,17.093924209475517
3120,17.04109951853752
3121,17.231010876595974
3122,17.074090629816055
3123,17.067157417535782
3124,17.02490098029375
3125,17.178800791502
3126,17.021640852093697
3127,17.165915325284004
3128,17.650821082293987
3129,18.14283639192581
3130,17.467635601758957
3131,17.200243405997753
3132,16.946900960057974
3133,16.93023094534874
3134,16.920692920684814
3135,17.4050282984972
3136,17.525468289852142
3137,16.988592445850372
3138,16.984260067343712
3139,16.971804536879063
3140,16.961954548954964
3141,16.96173918247223
3142,16.956343829631805
3143,17.122051656246185
3144,17.09495932608843
3145,17.246478095650673
3146,17.045299142599106
3147,17.196690022945404
3148,17.38517226278782
3149,17.63965205848217
3150,16.853505957871675
3151,16.849997136741877
3152,16.846410267055035
3153,16.838914159685373
3154,16.834288973361254
3155,16.808784402906895
3156,17.243219152092934
3157,17.79605919122696
3158,17.569248989224434
3159,17.137357398867607
3160,16.815185993909836
3161,16.91572441160679
3162,16.863055616617203
3163,16.803070962429047
3164,16.9848575592041
3165,16.846726521849632
3166,17.14366066455841
3167,17.32166290283203
3168,17.316935919225216
3169,17.343319341540337
3170,17.39681702852249
3171,17.337551593780518
3172,17.545250795781612
3173,17.515932731330395
3174,18.195410132408142
3175,17.53566823154688
3176,17.352120965719223
3177,17.199355512857437
3178,17.067386098206043
3179,17.0044998973608
3180,17.001850232481956
3181,16.998967804014683
3182,17.049117885529995
3183,16.97045300900936
3184,16.983412757515907
3185,16.978620141744614
3186,17.60060954093933
3187,17.76729753613472
3188,17.35998809337616
3189,17.02973883599043
3190,17.02496077120304
3191,17.020732663571835
3192,17.01270505785942
3193,17.00945558398962
3194,17.16215158253908
3195,17.498335123062134
3196,18.039419174194336
3197,17.172724783420563
3198,17.112844184041023
3199,17.20210810750723
3200,16.89023357257247
3201,16.885743226855993
3202,17.346911668777466
3203,17.82600411772728
3204,17.697808980941772
3205,17.574521958827972
3206,17.470003716647625
3207,17.41921728849411
3208,18.12192276120186
3209,18.225256070494652
3210,18.042932093143463
3211,17.36089324951172
3212,16.924688935279846
3213,17.09549354016781
3214,17.243220046162605
3215,18.026924073696136
3216,17.331756114959717
3217,16.8176862411201
3218,16.83012031391263
3219,17.403370290994644
3220,18.408182501792908
3221,17.31718348711729
3222,17.216303914785385
3223,17.139795571565628
3224,17.050109162926674
3225,17.112277925014496
3226,17.104707300662994
3227,17.114114373922348
3228,17.209917455911636
3229,17.059572979807854
3230,17.202334083616734
3231,17.33407925069332
3232,17.494777843356133
3233,18.239312648773193
3234,17.20988481491804
3235,17.217535592615604
3236,17.05088808387518
3237,16.99051885306835
3238,16.985588550567627
3239,17.004516646265984
3240,16.975979372859
3241,16.9714452624321
3242,16.966805770993233
3243,16.96215794980526
3244,16.98415721207857
3245,16.948294509202242
3246,16.941939249634743
3247,16.94664330407977
3248,16.926136568188667
3249,16.91757147014141
3250,16.94244782626629
3251,16.906278535723686
3252,16.922034867107868
3253,16.89656388759613
3254,16.8914907425642
3255,16.902902461588383
3256,17.348276868462563
3257,17.53343367576599
3258,16.939735367894173
3259,16.980878695845604
3260,16.92205508798361
3261,16.943486094474792
3262,17.12333247065544
3263,17.271804943680763
3264,18.541980355978012
3265,17.07872499525547
3266,16.83899075910449
3267,16.83998739346862
3268,16.82913603261113
3269,16.82475183531642
3270,16.831725168973207
3271,15.502972293645144
3272,15.992995411157608
3273,16.12078347429633
3274,16.30554309487343
3275,17.181498259305954
3276,16.386250287294388
3277,16.39993552863598
3278,16.283589124679565
3279,17.0958589091897
3280,17.093595400452614
3281,17.08414076268673
3282,17.0958589091897
3283,17.3347003236413
3284,18.06023535132408
3285,17.376028209924698
3286,17.076335340738297
3287,17.107601672410965
3288,17.061026714742184
3289,17.05557730793953
3290,17.066475905478
3291,17.052249930799007
3292,17.05193729698658
3293,17.3103938549757
3294,17.329811319708824
3295,17.464359901845455
3296,18.56818777322769
3297,17.490685004740953
3298,17.29671734198928
3299,17.03605541959405
3300,17.075448743999004
3301,17.05573533475399
3302,17.466274574398994
3303,17.660035997629166
3304,17.403719879686832
3305,17.12851582467556
3306,17.35464958101511
3307,17.227695249021053
3308,17.170123662799597
3309,17.11432648077607
3310,17.26713014394045
3311,17.4735769033432
3312,18.012663632631302
3313,17.22398366779089
3314,17.218870297074318
3315,17.21784593909979
3316,17.44409839808941
3317,17.84727367758751
3318,17.050214059650898
3319,17.048132330179214
3320,17.30912809073925
3321,17.32666850090027
3322,17.1337111890316
3323,17.506780952215195
3324,18.236818075180054
3325,17.673286646604538
3326,17.769330263137817
3327,17.318296119570732
3328,17.225811138749123
3329,16.994888558983803
3330,16.990115076303482
3331,17.16792356967926
3332,17.342682108283043
3333,17.307447403669357
3334,17.29443645477295
3335,17.984124675393105
3336,18.49539750814438
3337,17.42017001658678
3338,17.275140322744846
3339,17.248360097408295
3340,17.339622732251883
3341,17.279822923243046
3342,17.276115015149117
3343,17.054901774972677
3344,17.073293767869473
3345,17.063231095671654
3346,17.056899420917034
3347,17.032614834606647
3348,17.0347857773304
3349,17.006626084446907
3350,17.002855971455574
3351,16.997598327696323
3352,16.989579163491726
3353,16.981769300997257
3354,17.33758121728897
3355,17.787880092859268
3356,17.33287711441517
3357,17.3313460201025
3358,17.01226519048214
3359,17.00512259453535
3360,17.157784312963486
3361,17.30685879290104
3362,17.104566633701324
3363,17.097987666726112
3364,17.06360835582018
3365,17.71620039641857
3366,17.95937091112137
3367,17.262041501700878
3368,17.079415559768677
3369,16.82064574211836
3370,16.84591793641448
3371,16.837803710252047
3372,16.83044672384858
3373,16.80744194239378
3374,17.873680591583252
3375,17.869105756282806
3376,17.29228502511978
3377,16.790097668766975
3378,17.250978991389275
3379,17.740518987178802
3380,17.52327634394169
3381,17.5048318952322
3382,16.780721217393875
3383,17.160842046141624
3384,17.1440761834383
3385,17.135367929935455
3386,17.574517980217934
3387,17.60525668412447
3388,17.54606992006302
3389,17.443234123289585
3390,17.84576177597046
3391,17.35530959814787
3392,17.327160224318504
3393,17.44117385149002
3394,17.067771591246128
3395,17.05156621336937
3396,17.35391490161419
3397,17.32039324939251
3398,17.113482803106308
3399,17.301328100264072
3400,17.433757320046425
3401,17.22410523146391
3402,17.192144215106964
3403,17.166809231042862
3404,17.15448398888111
3405,17.146654561161995
3406,17.36276165395975
3407,17.327889554202557
3408,17.30807538330555
3409,17.61358054727316
3410,18.112599790096283
3411,17.35793775320053
3412,17.45597667992115
3413,17.09086798131466
3414,17.111525863409042
3415,17.107858955860138
3416,17.252214029431343
3417,17.97948944568634
3418,17.052229300141335
3419,17.27279432117939
3420,17.501489609479904
3421,15.167614467442036
3422,15.265676937997341
3423,15.53426954895258
3424,16.279496729373932
3425,15.521262496709824
3426,15.508220188319683
3427,17.0958589091897
3428,17.182737924158573
3429,17.65036629140377
3430,17.172172360122204
3431,17.37120469659567
3432,17.519021660089493
3433,17.99109372496605
3434,17.492923229932785
3435,17.35397458076477
3436,17.212727777659893
3437,16.995023295283318
3438,16.987598404288292
3439,17.05277429521084
3440,16.972367614507675
3441,17.568466886878014
3442,17.8011272251606
3443,17.332130938768387
3444,17.2698385566473
3445,17.16411203145981
3446,17.312855526804924
3447,17.263605140149593
3448,17.24329474568367
3449,17.66590742766857
3450,18.23733812570572
3451,17.656418059021235
3452,17.661422789096832
3453,17.469898149371147
3454,17.745283365249634
3455,17.363859385252
3456,16.957931861281395
3457,17.298616752028465
3458,17.1459773555398
3459,17.248508110642433
3460,18.26021134853363
3461,17.40404835343361
3462,17.245878413319588
3463,17.410146474838257
3464,17.628564089536667
3465,17.502807095646858
3466,18.044506639242172
3467,16.833267524838448
3468,16.833000276237726
3469,16.821434181183577
3470,17.71411384642124
3471,17.830718755722046
3472,17.1712314337492
3473,17.275768876075745
3474,17.792339324951172
3475,17.034188449382782
3476,17.288211181759834
3477,17.939242899417877
3478,17.138563126325607
3479,17.09430982172489
3480,17.368097871541977
3481,17.44372421503067
3482,17.350072748959064
3483,17.97153327614069
3484,18.41310840845108
3485,17.361440002918243
3486,17.304493002593517
3487,17.308123365044594
3488,17.063605397939682
3489,17.062980473041534
3490,17.328059643507004
3491,18.06808152794838
3492,17.443536959588528
3493,17.50053419917822
3494,17.3347320407629
3495,17.502479299902916
3496,18.194111168384552
3497,17.684371404349804
3498,17.473276183009148
3499,17.19763919711113
3500,16.93733438849449
3501,17.36162304878235
3502,17.65447038412094
3503,17.13942301273346
3504,17.12211325764656
3505,17.105205334722996
3506,17.24331261217594
3507,17.69642946124077
3508,18.446983575820923
3509,17.824622310698032
3510,17.415477879345417
3511,17.07635223865509
3512,17.334123611450195
3513,17.526809215545654
3514,16.932360634207726
3515,16.868290200829506
3516,17.111620217561722
3517,17.29931838810444
3518,17.239462569355965
3519,17.410420790314674
3520,17.961991012096405
3521,16.010452296584845
3522,15.573469072580338
3523,15.163347244262695
3524,15.203247152268887
3525,15.169901821762323
3526,15.167614467442036
3527,15.167614467442036
3528,15.641872704029083
3529,15.997249737381935
3530,16.825710654258728
3531,17.41625515371561
3532,17.101858738809824
3533,17.069796565920115
3534,17.42905256152153
3535,17.71514230966568
3536,17.08067511767149
3537,17.107953161001205
3538,17.289757877588272
3539,17.32636308670044
3540,17.493148170411587
3541,18.01653629541397
3542,17.615959748625755
3543,17.353142134845257
3544,17.335589610040188
3545,17.1162224188447
3546,17.157423935830593
3547,17.077992908656597
3548,17.10801400244236
3549,17.292970523238182
3550,17.215477272868156
3551,17.132201444357634
3552,17.484269082546234
3553,17.485287837684155
3554,18.24802228808403
3555,17.524980627000332
3556,17.507146164774895
3557,17.470674008131027
3558,17.623585790395737
3559,17.309235960245132
3560,17.14727358520031
3561,17.306968614459038
3562,17.27052417397499
3563,17.269447803497314
3564,17.67246700823307
3565,18.228437423706055
3566,17.664144292473793
3567,17.31584356725216
3568,17.387918569147587
3569,17.25998244434595
3570,17.326715499162674
3571,17.942133456468582
3572,17.394742369651794
3573,16.953524604439735
3574,17.166079938411713
3575,17.288938269019127
3576,18.304981768131256
3577,17.234450235962868
3578,17.21600730717182
3579,17.268097668886185
3580,17.608129262924194
3581,16.819949433207512
3582,17.234625086188316
3583,17.104749158024788
3584,17.08934360742569
3585,17.480144381523132
3586,17.98549622297287
3587,17.194081351161003
3588,17.5088155195117
3589,17.26158480346203
3590,17.43427600711584
3591,17.1657135784626
3592,17.347057975828648
3593,17.398109309375286
3594,17.594323836266994
3595,18.11705507338047
3596,17.444475512951612
3597,17.270906563848257
3598,17.492423847317696
3599,17.584676325321198
3600,17.05507205426693
3601,17.20278326421976
3602,17.32718576490879
3603,17.50315235555172
3604,18.023723423480988
3605,17.34042575955391
3606,17.206846445798874
3607,17.197463393211365
3608,17.38488018512726
3609,18.216591954231262
3610,17.345923244953156
3611,17.178500525653362
3612,17.659105226397514
3613,17.804296135902405
3614,17.18083645403385
3615,17.363899648189545
3616,17.510734111070633
3617,17.41355612874031
3618,17.165691688656807
3619,17.488300815224648
3620,18.051923155784607
3621,17.24061893671751
3622,17.491212233901024
3623,17.584521293640137
3624,16.92380678653717
3625,16.94288620352745
3626,17.300205022096634
3627,17.47160930931568
3628,18.260032415390015
3629,17.41249345242977
3630,17.340083718299866
3631,17.507995277643204
3632,17.985413670539856
3633,17.93847407400608
3634,16.355411358177662
3635,16.62317095696926
3636,16.736156404018402
3637,16.067565888166428
3638,16.508973360061646
3639,15.503085050731897
3640,15.40802294947207
3641,15.502972293645144
3642,15.731172747910023
3643,15.842608839273453
3644,15.968284904956818
3645,16.30554309487343
3646,16.401409424841404
3647,16.894807174801826
3648,17.278912723064423
3649,15.919612795114517
3650,15.163347244262695
3651,15.490309804677963
3652,15.935623452067375
3653,16.033326625823975
3654,16.47493863105774
3655,15.188759841024876
3656,15.21787566691637
3657,15.226575136184692
3658,15.488733872771263
3659,15.710246361792088
3660,15.982318483293056
3661,16.344340350478888
3662,17.112437188625336
3663,16.426099702715874
3664,16.69922636449337
3665,17.32451421022415
3666,15.679459191858768
3667,15.835697568953037
3668,15.689950451254845
3669,16.01328932493925
3670,16.339305981993675
3671,17.264160692691803
3672,15.42779939621687
3673,15.21787566691637
3674,15.254147808998823
3675,15.188759841024876
3676,15.456698648631573
3677,15.693792305886745
3678,16.16275718808174
3679,16.510553173720837
3680,17.424592033028603
3681,16.972972184419632
3682,17.38002336025238
3683,15.989012263715267
3684,15.409699268639088
3685,17.75108791142702
3686,17.665510892868042
3687,17.6373083665967
3688,17.676094323396683
3689,18.33329349756241
3690,17.85650909692049
3691,18.495748817920685
3692,17.536413863301277
3693,18.263058796525
3694,18.334785863757133
3695,17.699288636446
3696,17.283365480601788
3697,17.073202058672905
3698,17.369168236851692
3699,17.0520231872797
3700,17.06647615879774
3701,17.231809332966805
3702,17.38799510896206
3703,17.395030304789543
3704,17.562886111438274
3705,18.69527703523636
3706,17.687152665108442
3707,17.36775253713131
3708,17.45115464925766
3709,17.65367455780506
3710,18.19946950674057
3711,17.44596429169178
3712,17.34743459522724
3713,17.164590552449226
3714,17.73445373773575
3715,18.0010969042778
3716,17.484825402498245
3717,17.451033875346184
3718,17.851269781589508
3719,17.610991030931473
3720,17.39914231747389
3721,17.676830023527145
3722,17.81267422437668
3723,17.284293178468943
3724,17.3088391572237
3725,17.528641253709793
3726,17.281658239662647
3727,17.14576542377472
3728,17.37304313480854
3729,17.387489713728428
3730,17.72622610628605
3731,18.608096420764923
3732,17.481159828603268
3733,17.43654804676771
3734,17.76435825228691
3735,17.203048527240753
3736,17.051922045648098
3737,17.302619352936745
3738,17.32757343351841
3739,17.48311272263527
3740,18.685212910175323
3741,17.503323435783386
3742,17.351071625947952
3743,17.415389586240053
3744,17.35285982489586
3745,18.023220658302307
3746,17.636127837002277
3747,17.60943467915058
3748,17.777445927262306
3749,18.458225548267365
3750,17.667947947978973
3751,17.750044777989388
3752,17.758831679821014
3753,17.283469438552856
3754,17.294776782393456
3755,17.346952825784683
3756,17.152814269065857
3757,17.51493611931801
3758,18.51578015089035
3759,17.39080622792244
3760,17.38188449293375
3761,16.87842805683613
3762,16.86955027282238
3763,17.00217631459236
3764,17.105666503310204
3765,17.501839831471443
3766,18.66475197672844
3767,17.375644266605377
3768,17.59731824696064
3769,17.795820981264114
3770,17.395875461399555
3771,17.297582671046257
3772,17.311932153999805
3773,17.28684851527214
3774,17.265052139759064
3775,18.3057359457016
3776,17.552339389920235
3777,17.272950008511543
3778,17.312706649303436
3779,17.165631771087646
3780,16.817666113376617
3781,17.07042321562767
3782,17.48353411257267
3783,18.3046695291996
3784,17.357919350266457
3785,17.336061388254166
3786,17.596601732075214
3787,17.654709815979004
3788,17.373269490897655
3789,17.364354498684406
3790,17.50054644793272
3791,17.85966496914625
3792,18.370193243026733
3793,17.599981732666492
3794,17.473628170788288
3795,17.22130984812975
3796,17.350140526890755
3797,17.80775538086891
3798,17.34945870190859
3799,17.31246756017208
3800,17.051703490316868
3801,17.321496054530144
3802,17.314985617995262
3803,17.71392957866192
3804,18.452669084072113
3805,17.880004048347473
3806,17.67720176279545
3807,17.322987586259842
3808,16.942327231168747
3809,17.13872141763568
3810,16.94702372327447
3811,16.915259018540382
3812,17.491992689669132
3813,17.644621819257736
3814,17.372511856257915
3815,17.32994082570076
3816,17.36715242266655
3817,17.353832319378853
3818,17.457623474299908
3819,17.899886339902878
3820,18.414586544036865
3821,17.83829392492771
3822,17.8399571031332
3823,17.806976556777954
3824,18.07134822010994
3825,17.171112686395645
3826,17.360415741801262
3827,17.498212218284607
3828,17.944067418575287
3829,18.44949072599411
3830,17.491887599229813
3831,17.31897184252739
3832,17.282987128943205
3833,17.253593638539314
3834,17.601920992136
3835,17.301729008555412
3836,17.264066472649574
3837,17.436060652136803
3838,18.21870893239975
3839,17.29790498688817
3840,17.273746609687805
3841,17.332324728369713
3842,17.83935371041298
3843,17.372718542814255
3844,17.245915338397026
3845,17.132259607315063
3846,17.09555423259735
3847,17.27224536985159
3848,17.211801409721375
3849,17.955926463007927
3850,18.208017230033875
3851,17.60417202115059
3852,17.597753524780273
3853,17.351005285978317
3854,18.00771591067314
3855,17.711693193763494
3856,17.600807078182697
3857,17.886874422430992
3858,17.399327971041203
3859,17.774705059826374
3860,17.597551077604294
3861,17.075043998658657
3862,17.283051192760468
3863,17.193438157439232
3864,17.335989467799664
3865,17.28013800084591
3866,17.486330844461918
3867,18.00868433713913
3868,17.517990350723267
3869,17.36312947422266
3870,17.211610231548548
3871,17.389129877090454
3872,17.825717002153397
3873,17.068808004260063
3874,17.028944246470928
3875,17.02325100451708
3876,17.291731163859367
3877,17.305814132094383
3878,17.480100452899933
3879,18.215450704097748
3880,17.455576617270708
3881,17.437431927770376
3882,17.140283472836018
3883,17.080098621547222
3884,17.126943491399288
3885,16.876142021268606
3886,16.85312057286501
3887,16.866800967603922
3888,17.56800289452076
3889,17.623947322368622
3890,17.143597900867462
3891,17.11788509786129
3892,17.34388778358698
3893,17.370447538793087
3894,17.28273666650057
3895,17.471599616110325
3896,17.970139548182487
3897,17.66958924382925
3898,17.36071015894413
3899,17.364784881472588
3900,17.48808640241623
3901,17.72841003537178
3902,17.193299777805805
3903,17.041276812553406
3904,17.03469180315733
3905,17.177629932761192
3906,17.210628792643547
3907,17.28429228067398
3908,17.252452947199345
3909,17.421498104929924
3910,17.984048157930374
3911,17.44657639414072
3912,17.306622073054314
3913,17.28041736781597
3914,17.259119302034378
3915,17.24948288500309
3916,17.56371109187603
3917,17.589452028274536
3918,17.455656617879868
3919,17.28537091612816
3920,17.563937559723854
3921,17.351700514554977
3922,17.195112973451614
3923,17.360650837421417
3924,17.513797610998154
3925,17.388741247355938
3926,17.27499231696129
3927,17.72408401966095
3928,17.748000383377075
3929,17.202028706669807
3930,17.335044987499714
3931,17.084619991481304
3932,17.24923451244831
3933,17.232930213212967
3934,16.800283938646317
3935,17.095445707440376
3936,17.493002578616142
3937,18.03355449438095
3938,17.638827845454216
3939,17.977704107761383
3940,17.53653810918331
3941,17.260887917131186
3942,17.365796893835068
3943,17.32134199142456
3944,17.387804932892323
3945,17.576063878834248
3946,17.521251551806927
3947,18.19387513399124
3948,17.363680355250835
3949,17.3646619617939
3950,17.219496369361877
3951,17.312558714300394
3952,17.216152504086494
3953,17.307637970894575
3954,16.982845813035965
3955,16.976360008120537
3956,16.970500841736794
3957,16.96430054306984
3958,17.364576801657677
3959,17.467553466558456
3960,16.998220920562744
3961,17.00226791203022
3962,17.20758132636547
3963,17.124730922281742
3964,17.27587680518627
3965,17.44525757431984
3966,17.707397654652596
3967,17.413325026631355
3968,17.3766907453537
3969,17.236944794654846
3970,17.254209086298943
3971,16.97228318452835
3972,16.892419040203094
3973,17.245564810931683
3974,17.091382570564747
3975,17.239067018032074
3976,17.64482517540455
3977,17.963617622852325
3978,17.197717770934105
3979,15.203247152268887
3980,15.163347244262695
3981,15.163347244262695
3982,15.653256088495255
3983,16.50574767589569
3984,15.188759841024876
3985,15.188759841024876
3986,15.539987709373236
3987,15.7833486571908
3988,16.139328874647617
3989,16.13005206733942
3990,15.794874001294374
3991,16.429232373833656
3992,17.190557599067688
3993,16.004447609186172
3994,16.119099222123623
3995,15.823592334985733
3996,15.57513603568077
3997,15.169901821762323
3998,15.167614467442036
3999,15.433487594127655
4000,15.188759841024876
4001,15.188759841024876
4002,15.188759841024876
4003,15.21787566691637
4004,15.188759841024876
4005,15.226575136184692
4006,15.254147808998823
4007,15.188759841024876
4008,15.188759841024876
4009,15.226575136184692
4010,15.188759841024876
4011,15.226575136184692
4012,15.188759841024876
4013,15.226575136184692
4014,15.188759841024876
4015,15.188759841024876
4016,15.188759841024876
4017,15.265163976699114
4018,15.188759841024876
4019,15.188759841024876
4020,15.21787566691637
4021,15.188759841024876
4022,15.188759841024876
4023,15.21787566691637
4024,15.226575136184692
4025,15.188759841024876
4026,15.226575136184692
4027,15.188759841024876
4028,15.188759841024876
4029,17.12255171686411
4030,17.25152749568224
4031,17.123039573431015
4032,17.21452432870865
4033,17.081060752272606
4034,17.075547367334366
4035,17.107984803617
4036,17.077058508992195
4037,17.052963368594646
4038,17.052359476685524
4039,17.052296072244644
4040,17.05255125463009
4041,17.052015341818333
4042,17.04988521337509
4043,17.161792941391468
4044,17.117382675409317
4045,17.27233748137951
4046,17.038582481443882
4047,17.018318459391594
4048,17.004083290696144
4049,17.167829155921936
4050,17.1538929566741
4051,17.11506026238203
4052,17.096973035484552
4053,17.310811698436737
4054,17.11619210988283
4055,17.082181837409735
4056,17.075562562793493
4057,17.10569031536579
4058,17.247725881636143
4059,17.267078645527363
4060,17.634395644068718
4061,17.200051724910736
4062,17.19041631370783
4063,16.914798766374588
4064,16.850876227021217
4065,16.921239838004112
4066,17.49006249010563
4067,17.86050333082676
4068,17.314564865082502
4069,17.11415445804596
4070,17.14313153922558
4071,17.10725735127926
4072,17.23516920208931
4073,17.273351915180683
4074,17.217580500990152
4075,17.450369119644165
4076,17.930996537208557
4077,17.343300595879555
4078,17.196593686938286
4079,17.052302852272987
4080,16.966013684868813
4081,16.976288974285126
4082,17.016482546925545
4083,16.965015575289726
4084,16.958016976714134
4085,16.94839596375823
4086,16.941820666193962
4087,16.932652860879898
4088,16.93586080521345
4089,16.912925750017166
4090,17.21290110051632
4091,17.52636805176735
4092,17.239643022418022
4093,16.972903102636337
4094,16.95531015843153
4095,16.945041373372078
4096,16.93369384855032
4097,16.923058159649372
4098,16.91122679412365
4099,16.899817511439323
4100,16.932460770010948
4101,16.868155509233475
4102,16.92541766166687
4103,16.834589645266533
4104,16.81823195517063
4105,16.908159613609314
4106,17.192803263664246
4107,17.111944243311882
4108,17.807246685028076
4109,17.0958589091897
4110,17.102170009166002
4111,17.06713270023465
4112,17.43269744515419
4113,17.696263015270233
4114,17.078405909240246
4115,17.06298676878214
4116,17.222875520586967
4117,17.123210716992617
4118,17.080620616674423
4119,17.093924209475517
4120,17.04109951853752
4121,17.231010876595974
4122,17.074090629816055
4123,17.067157417535782
4124,17.02490098029375
4125,17.178800791502
4126,17.021640852093697
4127,17.165915325284004
4128,17.650821082293987
4129,18.14283639192581
4130,17.467635601758957
4131,17.200243405997753
4132,16.946900960057974
4133,16.93023094534874
4134,16.920692920684814
4135,17.4050282984972
4136,17.525468289852142
4137,16.988592445850372
4138,16.984260067343712
4139,16.971804536879063
4140,16.961954548954964
4141,16.96173918247223
4142,16.956343829631805
4143,17.122051656246185
4144,17.09495932608843
4145,17.246478095650673
4146,17.045299142599106
4147,17.196690022945404
4148,17.38517226278782
4149,17.63965205848217
4150,16.853505957871675
4151,16.849997136741877
4152,16.846410267055035
4153,16.838914159685373
4154,16.834288973361254
4155,16.808784402906895
4156,17.243219152092934
4157,17.79605919122696
4158,17.569248989224434
4159,17.137357398867607
4160,16.815185993909836
4161,16.91572441160679
4162,16.863055616617203
4163,16.803070962429047
4164,16.9848575592041
4165,16.846726521849632
4166,17.14366066455841
4167,17.32166290283203
4168,17.316935919225216
4169,17.343319341540337
4170,17.39681702852249
4171,17.337551593780518
4172,17.545250795781612
4173,17.515932731330395
4174,18.195410132408142
4175,17.53566823154688
4176,17.352120965719223
4177,17.199355512857437
4178,17.067386098206043
4179,17.0044998973608
4180,17.001850232481956
4181,16.998967804014683
4182,17.049117885529995
4183,16.97045300900936
4184,16.983412757515907
4185,16.978620141744614
4186,17.60060954093933
4187,17.76729753613472
4188,17.35998809337616
4189,17.02973883599043
4190,17.02496077120304
4191,17.020732663571835
4192,17.01270505785942
4193,17.00945558398962
4194,17.16215158253908
4195,17.498335123062134
4196,18.039419174194336
4197,17.172724783420563
4198,17.112844184041023
4199,17.20210810750723
4200,16.89023357257247
4201,16.885743226855993
4202,17.346911668777466
4203,17.82600411772728
4204,17.697808980941772
4205,17.574521958827972
4206,17.470003716647625
4207,17.41921728849411
4208,18.12192276120186
4209,18.225256070494652
4210,18.042932093143463
4211,17.36089324951172
4212,16.924688935279846
4213,17.09549354016781
4214,17.243220046162605
4215,18.026924073696136
4216,17.331756114959717
4217,16.8176862411201
4218,16.83012031391263
4219,17.403370290994644
4220,18.408182501792908
4221,17.31718348711729
4222,17.216303914785385
4223,17.139795571565628
4224,17.050109162926674
4225,17.112277925014496
4226,17.104707300662994
4227,17.114114373922348
4228,17.209917455911636
4229,17.059572979807854
4230,17.202334083616734
4231,17.33407925069332
4232,17.494777843356133
4233,18.239312648773193
4234,17.20988481491804
4235,17.217535592615604
4236,17.05088808387518
4237,16.99051885306835
4238,16.985588550567627
4239,17.004516646265984
4240,16.975979372859
4241,16.9714452624321
4242,16.966805770993233
4243,16.96215794980526
4244,16.98415721207857
4245,16.948294509202242
4246,16.941939249634743
4247,16.94664330407977
4248,16.926136568188667
4249,16.91757147014141
4250,16.94244782626629
4251,16.906278535723686
4252,16.922034867107868
4253,16.89656388759613
4254,16.8914907425642
4255,16.902902461588383
4256,17.348276868462563
4257,17.53343367576599
4258,16.939735367894173
4259,16.980878695845604
4260,16.92205508798361
4261,16.943486094474792
4262,17.12333247065544
4263,17.271804943680763
4264,18.541980355978012
4265,17.07872499525547
4266,16.83899075910449
4267,16.83998739346862
4268,16.82913603261113
4269,16.82475183531642
4270,16.831725168973207
4271,15.502972293645144
4272,15.992995411157608
4273,16.12078347429633
4274,16.30554309487343
4275,17.181498259305954
4276,16.386250287294388
4277,16.39993552863598
4278,16.283589124679565
4279,17.0958589091897
4280,17.093595400452614
4281,17.08414076268673
4282,17.0958589091897
4283,17.3347003236413
4284,18.06023535132408
4285,17.376028209924698
4286,17.076335340738297
4287,17.107601672410965
4288,17.061026714742184
4289,17.05557730793953
4290,17.066475905478
4291,17.052249930799007
4292,17.05193729698658
4293,17.3103938549757
4294,17.329811319708824
4295,17.464359901845455
4296,18.56818777322769
4297,17.490685004740953
4298,17.29671734198928
4299,17.03605541959405
4300,17.075448743999004
4301,17.05573533475399
4302,17.466274574398994
4303,17.660035997629166
4304,17.403719879686832
4305,17.12851582467556
4306,17.35464958101511
4307,17.227695249021053
4308,17.170123662799597
4309,17.11432648077607
4310,17.26713014394045
4311,17.4735769033432
4312,18.012663632631302
4313,17.22398366779089
4314,17.218870297074318
4315,17.21784593909979
4316,17.44409839808941
4317,17.84727367758751
4318,17.050214059650898
4319,17.048132330179214
4320,17.30912809073925
4321,17.32666850090027
4322,17.1337111890316
4323,17.506780952215195
4324,18.236818075180054
4325,17.673286646604538
4326,17.769330263137817
4327,17.318296119570732
4328,17.225811138749123
4329,16.994888558983803
4330,16.990115076303482
4331,17.16792356967926
4332,17.342682108283043
4333,17.307447403669357
4334,17.29443645477295
4335,17.984124675393105
4336,18.49539750814438
4337,17.42017001658678
4338,17.275140322744846
4339,17.248360097408295
4340,17.339622732251883
4341,17.279822923243046
4342,17.276115015149117
4343,17.054901774972677
4344,17.073293767869473
4345,17.063231095671654
4346,17.056899420917034
4347,17.032614834606647
4348,17.0347857773304
4349,17.006626084446907
4350,17.002855971455574
4351,16.997598327696323
4352,16.989579163491726
4353,16.981769300997257
4354,17.33758121728897
4355,17.787880092859268
4356,17.33287711441517
4357,17.3313460201025
4358,17.01226519048214
4359,17.00512259453535
4360,17.157784312963486
4361,17.30685879290104
4362,17.104566633701324
4363,17.097987666726112
4364,17.06360835582018
4365,17.71620039641857
4366,17.95937091112137
4367,17.262041501700878
4368,17.079415559768677
4369,16.82064574211836
4370,16.84591793641448
4371,16.837803710252047
4372,16.83044672384858
4373,16.80744194239378
4374,17.873680591583252
4375,17.869105756282806
4376,17.29228502511978
4377,16.790097668766975
4378,17.250978991389275
4379,17.740518987178802
4380,17.52327634394169
4381,17.5048318952322
4382,16.780721217393875
4383,17.160842046141624
4384,17.1440761834383
4385,17.135367929935455
4386,17.574517980217934
4387,17.60525668412447
4388,17.54606992006302
4389,17.443234123289585
4390,17.84576177597046
4391,17.35530959814787
4392,17.327160224318504
4393,17.44117385149002
4394,17.067771591246128
4395,17.05156621336937
4396,17.35391490161419
4397,17.32039324939251
4398,17.113482803106308
4399,17.301328100264072
4400,17.433757320046425
4401,17.22410523146391
4402,17.192144215106964
4403,17.166809231042862
4404,17.15448398888111
4405,17.146654561161995
4406,17.36276165395975
4407,17.327889554202557
4408,17.30807538330555
4409,17.61358054727316
4410,18.112599790096283
4411,17.35793775320053
4412,17.45597667992115
4413,17.09086798131466
4414,17.111525863409042
4415,17.107858955860138
4416,17.252214029431343
4417,17.97948944568634
4418,17.052229300141335
4419,17.27279432117939
4420,17.501489609479904
4421,15.167614467442036
4422,15.265676937997341
4423,15.53426954895258
4424,16.279496729373932
4425,15.521262496709824
4426,15.508220188319683
4427,17.0958589091897
4428,17.182737924158573
4429,17.65036629140377
4430,17.172172360122204
4431,17.37120469659567
4432,17.519021660089493
4433,17.99109372496605
4434,17.492923229932785
4435,17.35397458076477
4436,17.212727777659893
4437,16.995023295283318
4438,16.987598404288292
4439,17.05277429521084
4440,16.972367614507675
4441,17.568466886878014
4442,17.8011272251606
4443,17.332130938768387
4444,17.2698385566473
4445,17.16411203145981
4446,17.312855526804924
4447,17.263605140149593
4448,17.24329474568367
4449,17.66590742766857
4450,18.23733812570572
4451,17.656418059021235
4452,17.661422789096832
4453,17.469898149371147
4454,17.745283365249634
4455,17.363859385252
4456,16.957931861281395
4457,17.298616752028465
4458,17.1459773555398
4459,17.248508110642433
4460,18.26021134853363
4461,17.40404835343361
4462,17.245878413319588
4463,17.410146474838257
4464,17.628564089536667
4465,17.502807095646858
4466,18.044506639242172
4467,16.833267524838448
4468,16.833000276237726
4469,16.821434181183577
4470,17.71411384642124
4471,17.830718755722046
4472,17.1712314337492
4473,17.275768876075745
4474,17.792339324951172
4475,17.034188449382782
4476,17.288211181759834
4477,17.939242899417877
4478,17.138563126325607
4479,17.09430982172489
4480,17.368097871541977
4481,17.44372421503067
4482,17.350072748959064
4483,17.97153327614069
4484,18.41310840845108
4485,17.361440002918243
4486,17.304493002593517
4487,17.308123365044594
4488,17.063605397939682
4489,17.062980473041534
4490,17.328059643507004
4491,18.06808152794838
4492,17.443536959588528
4493,17.50053419917822
4494,17.3347320407629
4495,17.502479299902916
4496,18.194111168384552
4497,17.684371404349804
4498,17.473276183009148
4499,17.19763919711113
4500,16.93733438849449
4501,17.36162304878235
4502,17.65447038412094
4503,17.13942301273346
4504,17.12211325764656
4505,17.105205334722996
4506,17.24331261217594
4507,17.69642946124077
4508,18.446983575820923
4509,17.824622310698032
4510,17.415477879345417
4511,17.07635223865509
4512,17.334123611450195
4513,17.526809215545654
4514,16.932360634207726
4515,16.868290200829506
4516,17.111620217561722
4517,17.29931838810444
4518,17.239462569355965
4519,17.410420790314674
4520,17.961991012096405
4521,16.010452296584845
4522,15.573469072580338
4523,15.163347244262695
4524,15.203247152268887
4525,15.169901821762323
4526,15.167614467442036
4527,15.167614467442036
4528,15.641872704029083
4529,15.997249737381935
4530,16.825710654258728
4531,17.41625515371561
4532,17.101858738809824
4533,17.069796565920115
4534,17.42905256152153
4535,17.71514230966568
4536,17.08067511767149
4537,17.107953161001205
4538,17.289757877588272
4539,17.32636308670044
4540,17.493148170411587
4541,18.01653629541397
4542,17.615959748625755
4543,17.353142134845257
4544,17.335589610040188
4545,17.1162224188447
4546,17.157423935830593
4547,17.077992908656597
4548,17.10801400244236
4549,17.292970523238182
4550,17.215477272868156
4551,17.132201444357634
4552,17.484269082546234
4553,17.485287837684155
4554,18.24802228808403
4555,17.524980627000332
4556,17.507146164774895
4557,17.470674008131027
4558,17.623585790395737
4559,17.309235960245132
4560,17.14727358520031
4561,17.306968614459038
4562,17.27052417397499
4563,17.269447803497314
4564,17.67246700823307
4565,18.228437423706055
4566,17.664144292473793
4567,17.31584356725216
4568,17.387918569147587
4569,17.25998244434595
4570,17.326715499162674
4571,17.942133456468582
4572,17.394742369651794
4573,16.953524604439735
4574,17.166079938411713
4575,17.288938269019127
4576,18.304981768131256
4577,17.234450235962868
4578,17.21600730717182
4579,17.268097668886185
4580,17.608129262924194
4581,16.819949433207512
4582,17.234625086188316
4583,17.104749158024788
4584,17.08934360742569
4585,17.480144381523132
4586,17.98549622297287
4587,17.194081351161003
4588,17.5088155195117
4589,17.26158480346203
4590,17.43427600711584
4591,17.1657135784626
4592,17.347057975828648
4593,17.398109309375286
4594,17.594323836266994
4595,18.11705507338047
4596,17.444475512951612
4597,17.270906563848257
4598,17.492423847317696
4599,17.584676325321198
4600,17.05507205426693
4601,17.20278326421976
4602,17.32718576490879
4603,17.50315235555172
4604,18.023723423480988
4605,17.34042575955391
4606,17.206846445798874
4607,17.197463393211365
4608,17.38488018512726
4609,18.216591954231262
4610,17.345923244953156
4611,17.178500525653362
4612,17.659105226397514
4613,17.804296135902405
4614,17.18083645403385
4615,17.363899648189545
4616,17.510734111070633
4617,17.41355612874031
4618,17.165691688656807
4619,17.488300815224648
4620,18.051923155784607
4621,17.24061893671751
4622,17.491212233901024
4623,17.584521293640137
4624,16.92380678653717
4625,16.94288620352745
4626,17.300205022096634
4627,17.47160930931568
4628,18.260032415390015
4629,17.41249345242977
4630,17.340083718299866
4631,17.507995277643204
4632,17.985413670539856
4633,17.93847407400608
4634,16.355411358177662
4635,16.62317095696926
4636,16.736156404018402
4637,16.067565888166428
4638,16.508973360061646
4639,15.503085050731897
4640,15.40802294947207
4641,15.502972293645144
4642,15.731172747910023
4643,15.842608839273453
4644,15.968284904956818
4645,16.30554309487343
4646,16.401409424841404
4647,16.894807174801826
4648,17.278912723064423
4649,15.919612795114517
4650,15.163347244262695
4651,15.490309804677963
4652,15.935623452067375
4653,16.033326625823975
4654,16.47493863105774
4655,15.188759841024876
4656,15.21787566691637
4657,15.226575136184692
4658,15.488733872771263
4659,15.710246361792088
4660,15.982318483293056
4661,16.344340350478888
4662,17.112437188625336
4663,16.426099702715874
4664,16.69922636449337
4665,17.32451421022415
4666,15.679459191858768
4667,15.835697568953037
4668,15.689950451254845
4669,16.01328932493925
4670,16.339305981993675
4671,17.264160692691803
4672,15.42779939621687
4673,15.21787566691637
4674,15.254147808998823
4675,15.188759841024876
4676,15.456698648631573
4677,15.693792305886745
4678,16.16275718808174
4679,16.510553173720837
4680,17.424592033028603
4681,16.972972184419632
4682,17.38002336025238
4683,15.989012263715267
4684,15.409699268639088
4685,17.75108791142702
4686,17.665510892868042
4687,17.6373083665967
4688,17.676094323396683
4689,18.33329349756241
4690,17.85650909692049
4691,18.495748817920685
4692,17.536413863301277
4693,18.263058796525
4694,18.334785863757133
4695,17.699288636446
4696,17.283365480601788
4697,17.073202058672905
4698,17.369168236851692
4699,17.0520231872797
4700,17.06647615879774
4701,17.231809332966805
4702,17.38799510896206
4703,17.395030304789543
4704,17.562886111438274
4705,18.69527703523636
4706,17.687152665108442
4707,17.36775253713131
4708,17.45115464925766
4709,17.65367455780506
4710,18.19946950674057
4711,17.44596429169178
4712,17.34743459522724
4713,17.164590552449226
4714,17.73445373773575
4715,18.0010969042778
4716,17.484825402498245
4717,17.451033875346184
4718,17.851269781589508
4719,17.610991030931473
4720,17.39914231747389
4721,17.676830023527145
4722,17.81267422437668
4723,17.284293178468943
4724,17.3088391572237
4725,17.528641253709793
4726,17.281658239662647
4727,17.14576542377472
4728,17.37304313480854
4729,17.387489713728428
4730,17.72622610628605
4731,18.608096420764923
4732,17.481159828603268
4733,17.43654804676771
4734,17.76435825228691
4735,17.203048527240753
4736,17.051922045648098
4737,17.302619352936745
4738,17.32757343351841
4739,17.48311272263527
4740,18.685212910175323
4741,17.503323435783386
4742,17.351071625947952
4743,17.415389586240053
4744,17.35285982489586
4745,18.023220658302307
4746,17.636127837002277
4747,17.60943467915058
4748,17.777445927262306
4749,18.458225548267365
4750,17.667947947978973
4751,17.750044777989388
4752,17.758831679821014
4753,17.283469438552856
4754,17.294776782393456
4755,17.346952825784683
4756,17.152814269065857
4757,17.51493611931801
4758,18.51578015089035
4759,17.39080622792244
4760,17.38188449293375
4761,16.87842805683613
4762,16.86955027282238
4763,17.00217631459236
4764,17.105666503310204
4765,17.501839831471443
4766,18.66475197672844
4767,17.375644266605377
4768,17.59731824696064
4769,17.795820981264114
4770,17.395875461399555
4771,17.297582671046257
4772,17.311932153999805
4773,17.28684851527214
4774,17.265052139759064
4775,18.3057359457016
4776,17.552339389920235
4777,17.272950008511543
4778,17.312706649303436
4779,17.165631771087646
4780,16.817666113376617
4781,17.07042321562767
4782,17.48353411257267
4783,18.3046695291996
4784,17.357919350266457
4785,17.336061388254166
4786,17.596601732075214
4787,17.654709815979004
4788,17.373269490897655
4789,17.364354498684406
4790,17.50054644793272
4791,17.85966496914625
4792,18.370193243026733
4793,17.599981732666492
4794,17.473628170788288
4795,17.22130984812975
4796,17.350140526890755
4797,17.80775538086891
4798,17.34945870190859
4799,17.31246756017208
4800,17.051703490316868
4801,17.321496054530144
4802,17.314985617995262
4803,17.71392957866192
4804,18.452669084072113
4805,17.880004048347473
4806,17.67720176279545
4807,17.322987586259842
4808,16.942327231168747
4809,17.13872141763568
4810,16.94702372327447
4811,16.915259018540382
4812,17.491992689669132
4813,17.644621819257736
4814,17.372511856257915
4815,17.32994082570076
4816,17.36715242266655
4817,17.353832319378853
4818,17.457623474299908
4819,17.899886339902878
4820,18.414586544036865
4821,17.83829392492771
4822,17.8399571031332
4823,17.806976556777954
4824,18.07134822010994
4825,17.171112686395645
4826,17.360415741801262
4827,17.498212218284607
4828,17.944067418575287
4829,18.44949072599411
4830,17.491887599229813
4831,17.31897184252739
4832,17.282987128943205
4833,17.253593638539314
4834,17.601920992136
4835,17.301729008555412
4836,17.264066472649574
4837,17.436060652136803
4838,18.21870893239975
4839,17.29790498688817
4840,17.273746609687805
4841,17.332324728369713
4842,17.83935371041298
4843,17.372718542814255
4844,17.245915338397026
4845,17.132259607315063
4846,17.09555423259735
4847,17.27224536985159
4848,17.211801409721375
4849,17.955926463007927
4850,18.208017230033875
4851,17.60417202115059
4852,17.597753524780273
4853,17.351005285978317
4854,18.00771591067314
4855,17.711693193763494
4856,17.600807078182697
4857,17.886874422430992
4858,17.399327971041203
4859,17.774705059826374
4860,17.597551077604294
4861,17.075043998658657
4862,17.283051192760468
4863,17.193438157439232
4864,17.335989467799664
4865,17.28013800084591
4866,17.486330844461918
4867,18.00868433713913
4868,17.517990350723267
4869,17.36312947422266
4870,17.211610231548548
4871,17.389129877090454
4872,17.825717002153397
4873,17.068808004260063
4874,17.028944246470928
4875,17.02325100451708
4876,17.291731163859367
4877,17.305814132094383
4878,17.480100452899933
4879,18.215450704097748
4880,17.455576617270708
4881,17.437431927770376
4882,17.140283472836018
4883,17.080098621547222
4884,17.126943491399288
4885,16.876142021268606
4886,16.85312057286501
4887,16.866800967603922
4888,17.56800289452076
4889,17.623947322368622
4890,17.143597900867462
4891,17.11788509786129
4892,17.34388778358698
4893,17.370447538793087
4894,17.28273666650057
4895,17.471599616110325
4896,17.970139548182487
4897,17.66958924382925
4898,17.36071015894413
4899,17.364784881472588
4900,17.48808640241623
4901,17.72841003537178
4902,17.193299777805805
4903,17.041276812553406
4904,17.03469180315733
4905,17.177629932761192
4906,17.210628792643547
4907,17.28429228067398
4908,17.252452947199345
4909,17.421498104929924
4910,17.984048157930374
4911,17.44657639414072
4912,17.306622073054314
4913,17.28041736781597
4914,17.259119302034378
4915,17.24948288500309
4916,17.56371109187603
4917,17.589452028274536
4918,17.455656617879868
4919,17.28537091612816
4920,17.563937559723854
4921,17.351700514554977
4922,17.195112973451614
4923,17.360650837421417
4924,17.513797610998154
4925,17.388741247355938
4926,17.27499231696129
4927,17.72408401966095
4928,17.748000383377075
4929,17.202028706669807
4930,17.335044987499714
4931,17.084619991481304
4932,17.24923451244831
4933,17.232930213212967
4934,16.800283938646317
4935,17.095445707440376
4936,17.493002578616142
4937,18.03355449438095
4938,17.638827845454216
4939,17.977704107761383
4940,17.53653810918331
4941,17.260887917131186
4942,17.365796893835068
4943,17.32134199142456
4944,17.387804932892323
4945,17.576063878834248
4946,17.521251551806927
4947,18.19387513399124
4948,17.363680355250835
4949,17.3646619617939
4950,17.219496369361877
4951,17.312558714300394
4952,17.216152504086494
4953,17.307637970894575
4954,16.982845813035965
4955,16.976360008120537
4956,16.970500841736794
4957,16.96430054306984
4958,17.364576801657677
4959,17.467553466558456
4960,16.998220920562744
4961,17.00226791203022
4962,17.20758132636547
4963,17.124730922281742
4964,17.27587680518627
4965,17.44525757431984
4966,17.707397654652596
4967,17.413325026631355
4968,17.3766907453537
4969,17.236944794654846
4970,17.254209086298943
4971,16.97228318452835
4972,16.892419040203094
4973,17.245564810931683
4974,17.091382570564747
4975,17.239067018032074
4976,17.64482517540455
4977,17.963617622852325
4978,17.197717770934105
4979,15.203247152268887
4980,15.163347244262695
4981,15.163347244262695
4982,15.653256088495255
4983,16.50574767589569
4984,15.188759841024876
4985,15.188759841024876
4986,15.539987709373236
4987,15.7833486571908
4988,16.139328874647617
4989,16.13005206733942
4990,15.794874001294374
4991,16.429232373833656
4992,17.190557599067688
4993,16.004447609186172
4994,16.119099222123623
4995,15.823592334985733
4996,15.57513603568077
4997,15.169901821762323
4998,15.167614467442036
4999,15.433487594127655
