timestep,value,advantage
0,-15.147588729858398,0.0411711111664772
1,-15.147588729858398,0.0411711111664772
2,-15.147588729858398,0.0411711111664772
3,-15.195050239562988,0.02282542735338211
4,-15.147588729858398,0.0411711111664772
5,-15.18986701965332,0.03670811653137207
6,-15.23290729522705,0.021240513771772385
7,-15.147588729858398,0.0411711111664772
8,-15.147588729858398,0.0411711111664772
9,-15.18986701965332,0.03670811653137207
10,-15.147588729858398,0.0411711111664772
11,-15.18986701965332,0.03670811653137207
12,-15.147588729858398,0.0411711111664772
13,-15.18986701965332,0.03670811653137207
14,-15.147588729858398,0.0411711111664772
15,-15.147588729858398,0.0411711111664772
16,-15.147588729858398,0.0411711111664772
17,-15.244766235351562,0.020397741347551346
18,-15.147588729858398,0.0411711111664772
19,-15.147588729858398,0.0411711111664772
20,-15.195050239562988,0.02282542735338211
21,-15.147588729858398,0.0411711111664772
22,-15.147588729858398,0.0411711111664772
23,-15.195050239562988,0.02282542735338211
24,-15.18986701965332,0.03670811653137207
25,-15.147588729858398,0.0411711111664772
26,-15.18986701965332,0.03670811653137207
27,-15.147588729858398,0.0411711111664772
28,-15.147588729858398,0.0411711111664772
29,-17.113967895507812,0.00858382135629654
30,-17.17635154724121,0.0751759484410286
31,-16.996238708496094,0.12680086493492126
32,-17.041431427001953,0.17309290170669556
33,-16.9647274017334,0.11633335053920746
34,-16.9695987701416,0.10594859719276428
35,-16.986831665039062,0.12115313857793808
36,-16.966190338134766,0.1108681708574295
37,-16.9504451751709,0.10251819342374802
38,-16.949180603027344,0.10317887365818024
39,-16.933815002441406,0.11848106980323792
40,-16.947071075439453,0.10548017919063568
41,-16.94491195678711,0.1071033850312233
42,-16.941396713256836,0.10848850011825562
43,-17.1098575592041,0.051935382187366486
44,-17.053577423095703,0.06380525231361389
45,-17.24757194519043,0.024765536189079285
46,-16.92995262145996,0.10862985998392105
47,-16.90055274963379,0.11776570975780487
48,-16.879337310791016,0.12474597990512848
49,-17.126882553100586,0.0409466028213501
50,-17.083385467529297,0.0705074891448021
51,-17.066869735717773,0.04819052666425705
52,-17.049278259277344,0.04769477620720863
53,-17.2820987701416,0.028712928295135498
54,-17.03372573852539,0.08246637135744095
55,-17.0372257232666,0.04495611414313316
56,-17.03033447265625,0.04522809013724327
57,-17.02309799194336,0.08259232342243195
58,-17.224205017089844,0.02352086454629898
59,-17.239906311035156,0.027172334492206573
60,-17.434181213378906,0.2002144306898117
61,-17.19085693359375,0.009194791316986084
62,-17.118955612182617,0.07146070152521133
63,-16.78369903564453,0.13109973073005676
64,-16.759511947631836,0.09136427938938141
65,-16.777175903320312,0.14406393468379974
66,-17.470703125,0.019359365105628967
67,-17.642351150512695,0.21815218031406403
68,-17.28926658630371,0.025298278778791428
69,-17.110429763793945,0.00372469425201416
70,-17.10526466369629,0.037866875529289246
71,-16.969411849975586,0.1378455013036728
72,-17.15943145751953,0.07573774456977844
73,-17.253305435180664,0.020046480000019073
74,-17.17400550842285,0.043574992567300797
75,-17.434764862060547,0.015604257583618164
76,-17.71330451965332,0.21769201755523682
77,-17.28347396850586,0.059826627373695374
78,-17.11626434326172,0.08032934367656708
79,-16.942182540893555,0.11012031137943268
80,-16.899330139160156,0.06668354570865631
81,-16.902969360351562,0.07331961393356323
82,-16.927671432495117,0.08881111443042755
83,-16.89358901977539,0.07142655551433563
84,-16.887470245361328,0.07054673135280609
85,-16.888565063476562,0.05983090028166771
86,-16.873228073120117,0.06859259307384491
87,-16.8649845123291,0.06766834855079651
88,-16.863208770751953,0.07265203446149826
89,-16.84696388244629,0.06596186757087708
90,-17.169713973999023,0.04318712651729584
91,-17.327157974243164,0.19921007752418518
92,-17.080873489379883,0.15876953303813934
93,-16.83576202392578,0.13714107871055603
94,-16.845455169677734,0.10985498875379562
95,-16.836502075195312,0.10853929817676544
96,-16.826467514038086,0.10722633451223373
97,-16.817062377929688,0.1059957817196846
98,-16.806699752807617,0.10452704131603241
99,-16.79677391052246,0.10304360091686249
100,-16.799816131591797,0.1326446384191513
101,-16.774988174438477,0.09316733479499817
102,-16.783666610717773,0.14175105094909668
103,-16.715999603271484,0.11859004199504852
104,-16.701223373413086,0.11700858175754547
105,-16.76103401184082,0.14712560176849365
106,-17.032054901123047,0.16074836254119873
107,-16.98356819152832,0.1283760517835617
108,-17.582956314086914,0.2242903709411621
109,-17.082834243774414,0.013024665415287018
110,-17.07352066040039,0.02864934876561165
111,-17.032928466796875,0.034204233437776566
112,-17.349306106567383,0.08339133858680725
113,-17.48261260986328,0.2136504054069519
114,-16.968605041503906,0.10980086773633957
115,-16.96430015563965,0.09868661314249039
116,-17.154783248901367,0.06809227168560028
117,-17.074018478393555,0.049192238599061966
118,-17.006370544433594,0.07425007224082947
119,-16.973325729370117,0.12059848010540009
120,-16.93792724609375,0.10317227244377136
121,-17.20209503173828,0.02891584485769272
122,-16.936315536499023,0.13777509331703186
123,-16.925243377685547,0.14191403985023499
124,-16.906871795654297,0.11802918463945389
125,-17.118785858154297,0.060014933347702026
126,-16.895915985107422,0.12572486698627472
127,-17.12428092956543,0.041634395718574524
128,-17.60958480834961,0.0412362739443779
129,-17.88241195678711,0.2604244351387024
130,-17.4250545501709,0.04258105158805847
131,-17.125612258911133,0.07463114708662033
132,-16.88861846923828,0.05828249081969261
133,-16.86276626586914,0.067464679479599
134,-16.85403060913086,0.06666231155395508
135,-17.324113845825195,0.0809144526720047
136,-17.32765769958496,0.1978105902671814
137,-16.853961944580078,0.1346305012702942
138,-16.848936080932617,0.13532398641109467
139,-16.858848571777344,0.1129559651017189
140,-16.8359375,0.12601704895496368
141,-16.850675582885742,0.11106359958648682
142,-16.846294403076172,0.11004942655563354
143,-17.089746475219727,0.03230518102645874
144,-17.04676628112793,0.04819304496049881
145,-17.2369441986084,0.009533897042274475
146,-16.973554611206055,0.07174453139305115
147,-17.164030075073242,0.032659947872161865
148,-17.369384765625,0.01578749716281891
149,-17.416099548339844,0.22355251014232635
150,-16.792156219482422,0.061349738389253616
151,-16.789825439453125,0.0601716972887516
152,-16.835372924804688,0.011037342250347137
153,-16.78622055053711,0.05269360914826393
154,-16.782264709472656,0.05202426388859749
155,-16.786785125732422,0.02199927717447281
156,-17.139610290527344,0.1036088615655899
157,-17.512338638305664,0.28372055292129517
158,-17.468856811523438,0.1003921777009964
159,-16.98752784729004,0.14982955157756805
160,-16.72543716430664,0.08974882960319519
161,-16.76999282836914,0.145731583237648
162,-16.736764907836914,0.1262907087802887
163,-16.71345329284668,0.08961766958236694
164,-16.832204818725586,0.15265274047851562
165,-16.722665786743164,0.1240607351064682
166,-17.010906219482422,0.13275444507598877
167,-17.292327880859375,0.02933502197265625
168,-17.298694610595703,0.018241308629512787
169,-17.279796600341797,0.06352274119853973
170,-17.370723724365234,0.02609330415725708
171,-17.305269241333008,0.032282352447509766
172,-17.529273986816406,0.015976808965206146
173,-17.496105194091797,0.01982753723859787
174,-17.94012451171875,0.2552856206893921
175,-17.45679473876953,0.07887349277734756
176,-17.2740421295166,0.07807883620262146
177,-17.117185592651367,0.08216992020606995
178,-16.976707458496094,0.0906786397099495
179,-16.929819107055664,0.07468079030513763
180,-16.92740821838379,0.07444201409816742
181,-16.924833297729492,0.07413450628519058
182,-16.955820083618164,0.0932978019118309
183,-16.902250289916992,0.06820271909236908
184,-16.90923500061035,0.07417775690555573
185,-16.904909133911133,0.07371100783348083
186,-17.47154998779297,0.1290595531463623
187,-17.52574348449707,0.24155405163764954
188,-17.203975677490234,0.1560124158859253
189,-16.91592025756836,0.11381857842206955
190,-16.89460563659668,0.1303551346063614
191,-16.905536651611328,0.11519601196050644
192,-16.88100242614746,0.13170263171195984
193,-16.89297103881836,0.11648454517126083
194,-17.11164093017578,0.050510652363300323
195,-17.49101448059082,0.0073206424713134766
196,-17.735004425048828,0.3044147491455078
197,-17.109561920166016,0.06316286325454712
198,-17.06776237487793,0.04508180916309357
199,-17.169788360595703,0.032319746911525726
200,-16.827733993530273,0.062499579042196274
201,-16.823802947998047,0.061940278857946396
202,-17.247737884521484,0.09917378425598145
203,-17.548738479614258,0.27726563811302185
204,-17.53314971923828,0.1646592617034912
205,-17.495595932006836,0.07892602682113647
206,-17.41278839111328,0.05721532553434372
207,-17.3895263671875,0.029690921306610107
208,-17.849632263183594,0.27229049801826477
209,-18.02882194519043,0.1964341253042221
210,-17.734708786010742,0.30822330713272095
211,-17.183265686035156,0.1776275634765625
212,-16.78252410888672,0.14216482639312744
213,-17.073162078857422,0.022331461310386658
214,-17.23377227783203,0.009447768330574036
215,-17.691158294677734,0.3357657790184021
216,-17.319860458374023,0.01189565658569336
217,-16.768009185791016,0.049677055329084396
218,-16.778600692749023,0.051519621163606644
219,-17.267608642578125,0.13576164841651917
220,-18.085315704345703,0.3228667974472046
221,-17.21607780456543,0.10110568255186081
222,-17.142648696899414,0.07365521788597107
223,-17.011613845825195,0.12818172574043274
224,-16.93537712097168,0.1147320419549942
225,-16.98361587524414,0.12866204977035522
226,-16.982206344604492,0.1225009560585022
227,-16.987642288208008,0.1264720857143402
228,-17.03773307800293,0.17218437790870667
229,-16.958656311035156,0.10091666877269745
230,-17.154191970825195,0.04814211279153824
231,-17.316017150878906,0.018062099814414978
232,-17.47384262084961,0.020935222506523132
233,-17.944149017333984,0.295163631439209
234,-17.15325927734375,0.05662553757429123
235,-17.149921417236328,0.06761417537927628
236,-16.957889556884766,0.09299852699041367
237,-16.91636085510254,0.07415799796581268
238,-16.91141700744629,0.07417154312133789
239,-16.917156219482422,0.0873604267835617
240,-16.902711868286133,0.07326750457286835
241,-16.89893913269043,0.0725061297416687
242,-16.895078659057617,0.07172711193561554
243,-16.89116859436035,0.07098935544490814
244,-16.89765167236328,0.08650553971529007
245,-16.888566970825195,0.059727538377046585
246,-16.873329162597656,0.06861008703708649
247,-16.888935089111328,0.05770821496844292
248,-16.85901641845703,0.06712014973163605
249,-16.85117530822754,0.06639616191387177
250,-16.89371681213379,0.048731014132499695
251,-16.841035842895508,0.0652426928281784
252,-16.84623146057129,0.07580340653657913
253,-16.832962036132812,0.06360185146331787
254,-16.828792572021484,0.06269817054271698
255,-16.869365692138672,0.033536769449710846
256,-17.249834060668945,0.09844280779361725
257,-17.322465896606445,0.2109677791595459
258,-16.831809997558594,0.10792537033557892
259,-16.843576431274414,0.13730226457118988
260,-16.81617546081543,0.10587962716817856
261,-16.809350967407227,0.13413512706756592
262,-17.091678619384766,0.03165385127067566
263,-17.253826141357422,0.01797880232334137
264,-18.118457794189453,0.42352256178855896
265,-17.058664321899414,0.020060673356056213
266,-16.786283493041992,0.05270726606249809
267,-16.78374481201172,0.05624258145689964
268,-16.777563095092773,0.05157293751835823
269,-16.773813247680664,0.05093858763575554
270,-16.779438018798828,0.05228715017437935
271,-15.464926719665527,0.038045573979616165
272,-15.917651176452637,0.07534423470497131
273,-16.07903480529785,0.04174866899847984
274,-16.29450798034668,0.011035114526748657
275,-17.038806915283203,0.14269134402275085
276,-16.30974769592285,0.07650259137153625
277,-16.28097152709961,0.11896400153636932
278,-15.980794906616211,0.3027942180633545
279,-17.082834243774414,0.013024665415287018
280,-17.08067512512207,0.012920275330543518
281,-17.061859130859375,0.02228163182735443
282,-17.082834243774414,0.013024665415287018
283,-17.293407440185547,0.041292883455753326
284,-17.75397300720215,0.306262344121933
285,-17.23348045349121,0.14254775643348694
286,-16.960773468017578,0.11556187272071838
287,-16.97310447692871,0.13449719548225403
288,-16.960386276245117,0.1006404384970665
289,-16.95403480529785,0.10154250264167786
290,-16.95230484008789,0.11417106539011002
291,-16.94895362854004,0.10329630225896835
292,-16.947677612304688,0.1042596846818924
293,-17.289724349975586,0.02066950500011444
294,-17.290781021118164,0.039030298590660095
295,-17.44558334350586,0.018776558339595795
296,-18.26767349243164,0.300514280796051
297,-17.447816848754883,0.04286815598607063
298,-17.27155303955078,0.025164302438497543
299,-17.006364822387695,0.02969059720635414
300,-17.023754119873047,0.05169462412595749
301,-16.991153717041016,0.06458161771297455
302,-17.401893615722656,0.0643809586763382
303,-17.434410095214844,0.2256259024143219
304,-17.28607177734375,0.11764810234308243
305,-17.001890182495117,0.1266256421804428
306,-17.277786254882812,0.07686332613229752
307,-17.150665283203125,0.07702996581792831
308,-17.116601943969727,0.053521718829870224
309,-17.064233779907227,0.050092700868844986
310,-17.24753761291504,0.0195925310254097
311,-17.452354431152344,0.021222472190856934
312,-17.76376724243164,0.24889639019966125
313,-17.172225952148438,0.05175771564245224
314,-17.15082550048828,0.06804479658603668
315,-17.149953842163086,0.06789209693670273
316,-17.381948471069336,0.06214992702007294
317,-17.601497650146484,0.24577602744102478
318,-16.9418888092041,0.10832525044679642
319,-16.938678741455078,0.10945358872413635
320,-17.28769302368164,0.021435067057609558
321,-17.31000328063965,0.016665220260620117
322,-17.075851440429688,0.05785974860191345
323,-17.471078872680664,0.03570207953453064
324,-17.90974998474121,0.3270680904388428
325,-17.58318519592285,0.0901014506816864
326,-17.571090698242188,0.19823956489562988
327,-17.302509307861328,0.01578681170940399
328,-17.15009117126465,0.07571996748447418
329,-16.861251831054688,0.1336367279291153
330,-16.855728149414062,0.13438692688941956
331,-17.117074966430664,0.05084860324859619
332,-17.307193756103516,0.03548835217952728
333,-17.296293258666992,0.011154145002365112
334,-17.265790939331055,0.02864551544189453
335,-17.846967697143555,0.13715697824954987
336,-18.093650817871094,0.4017466902732849
337,-17.375242233276367,0.04492778331041336
338,-17.22964096069336,0.04549936205148697
339,-17.216480255126953,0.03187984228134155
340,-17.312461853027344,0.027160879224538803
341,-17.258121490478516,0.021701432764530182
342,-17.25764274597168,0.01847226917743683
343,-17.017484664916992,0.03741711005568504
344,-17.027563095092773,0.045730672776699066
345,-17.00301170349121,0.06021939218044281
346,-16.987918853759766,0.06898056715726852
347,-16.95700454711914,0.07561028748750687
348,-16.967172622680664,0.0676131546497345
349,-16.932056427001953,0.07456965744495392
350,-16.928302764892578,0.07455320656299591
351,-16.923460006713867,0.07413832098245621
352,-16.91541862487793,0.07416053861379623
353,-16.9075870513916,0.07418224960565567
354,-17.274702072143555,0.06287914514541626
355,-17.54103660583496,0.24684348702430725
356,-17.180862426757812,0.15201468765735626
357,-17.17730712890625,0.15403889119625092
358,-16.88051414489746,0.13175104558467865
359,-16.889116287231445,0.11600630730390549
360,-17.108182907104492,0.04960140585899353
361,-17.294565200805664,0.012293592095375061
362,-17.047517776489258,0.05704885721206665
363,-17.00599479675293,0.09199286997318268
364,-16.963260650634766,0.10034770518541336
365,-17.61850929260254,0.09769110381603241
366,-17.666419982910156,0.29295092821121216
367,-17.226848602294922,0.03519289940595627
368,-17.053892135620117,0.02552342414855957
369,-16.789304733276367,0.031341008841991425
370,-16.791959762573242,0.05395817384123802
371,-16.785310745239258,0.05249296501278877
372,-16.778759002685547,0.05168772116303444
373,-16.786670684814453,0.02077125757932663
374,-17.660978317260742,0.21270227432250977
375,-17.550926208496094,0.31817954778671265
376,-17.127470016479492,0.1648150086402893
377,-16.70058822631836,0.08950944244861603
378,-17.24061393737793,0.01036505401134491
379,-17.46280860900879,0.2777103781700134
380,-17.395397186279297,0.12787915766239166
381,-17.26140785217285,0.24342404305934906
382,-16.6912899017334,0.08943131566047668
383,-17.037334442138672,0.12350760400295258
384,-17.009946823120117,0.1341293603181839
385,-17.00780487060547,0.12756305932998657
386,-17.563987731933594,0.010530248284339905
387,-17.59136199951172,0.013894684612751007
388,-17.53067398071289,0.015395939350128174
389,-17.42215347290039,0.02108065038919449
390,-17.646953582763672,0.1988081932067871
391,-17.27471351623535,0.08059608191251755
392,-17.251476287841797,0.07568393647670746
393,-17.257709503173828,0.18346434831619263
394,-16.95144271850586,0.11632887274026871
395,-16.944034576416016,0.10753163695335388
396,-17.312984466552734,0.04093043506145477
397,-17.304039001464844,0.01635424792766571
398,-17.047937393188477,0.06554540991783142
399,-17.253305435180664,0.048022665083408356
400,-17.41935920715332,0.014398112893104553
401,-17.188188552856445,0.03591667860746384
402,-17.127532958984375,0.06461125612258911
403,-17.124826431274414,0.041982799768447876
404,-17.083526611328125,0.07095737755298615
405,-17.072509765625,0.07414479553699493
406,-17.354951858520508,0.007809795439243317
407,-17.300691604614258,0.027197949588298798
408,-17.277856826782227,0.03021855652332306
409,-17.570682525634766,0.0428980216383934
410,-17.830476760864258,0.28212302923202515
411,-17.345964431762695,0.011973321437835693
412,-17.31955337524414,0.13642330467700958
413,-17.059473037719727,0.031394943594932556
414,-17.084033966064453,0.027491897344589233
415,-17.081626892089844,0.02623206377029419
416,-17.24009895324707,0.012115076184272766
417,-17.674169540405273,0.3053199052810669
418,-17.039146423339844,0.013082876801490784
419,-17.158735275268555,0.11405904591083527
420,-17.269258499145508,0.23223111033439636
421,-15.077512741088867,0.09010172635316849
422,-15.198488235473633,0.06718870252370834
423,-15.497849464416504,0.03642008453607559
424,-15.977851867675781,0.30164486169815063
425,-15.515411376953125,0.005851119756698608
426,-15.497827529907227,0.010392658412456512
427,-17.082834243774414,0.013024665415287018
428,-17.17725372314453,0.005484201014041901
429,-17.50180435180664,0.14856193959712982
430,-17.118335723876953,0.0538366362452507
431,-17.345979690551758,0.02522500604391098
432,-17.497173309326172,0.021848350763320923
433,-17.757286071777344,0.23380765318870544
434,-17.40713119506836,0.08579203486442566
435,-17.268983840942383,0.0849907398223877
436,-17.133033752441406,0.07969402521848679
437,-16.926803588867188,0.06821970641613007
438,-16.919845581054688,0.06775282323360443
439,-16.960094451904297,0.09267984330654144
440,-16.9036865234375,0.06868109107017517
441,-17.456941604614258,0.1115252822637558
442,-17.55035400390625,0.25077322125434875
443,-17.18705940246582,0.14507153630256653
444,-17.134761810302734,0.13507674634456635
445,-17.112346649169922,0.051765382289886475
446,-17.297731399536133,0.015124127268791199
447,-17.23948097229004,0.02412416785955429
448,-17.20887565612793,0.034419089555740356
449,-17.60603904724121,0.059868380427360535
450,-17.927648544311523,0.30968958139419556
451,-17.598474502563477,0.05794355645775795
452,-17.58455467224121,0.07686811685562134
453,-17.429903030395508,0.03999511897563934
454,-17.501968383789062,0.2433149814605713
455,-17.17750358581543,0.1863557994365692
456,-16.847583770751953,0.11034809052944183
457,-17.27834701538086,0.020269736647605896
458,-17.074556350708008,0.07142100483179092
459,-17.237979888916016,0.010528221726417542
460,-17.895051956176758,0.36515939235687256
461,-17.371929168701172,0.032119184732437134
462,-17.218669891357422,0.027208521962165833
463,-17.40358543395996,0.0065610408782958984
464,-17.448928833007812,0.17963525652885437
465,-17.44258689880371,0.06022019684314728
466,-17.71516227722168,0.32934436202049255
467,-16.823081970214844,0.01018555462360382
468,-16.780101776123047,0.05289850011467934
469,-16.77115821838379,0.05027596279978752
470,-17.529067993164062,0.18504585325717926
471,-17.529111862182617,0.3016068935394287
472,-17.024394989013672,0.14683644473552704
473,-17.264019012451172,0.011749863624572754
474,-17.497718811035156,0.2946205139160156
475,-17.026582717895508,0.00760573148727417
476,-17.165496826171875,0.12271435558795929
477,-17.657386779785156,0.28185611963272095
478,-17.003633499145508,0.1349296271800995
479,-16.96212387084961,0.1321859508752823
480,-17.33563232421875,0.03246554732322693
481,-17.427013397216797,0.01671081781387329
482,-17.319210052490234,0.03086269646883011
483,-17.910797119140625,0.06073615700006485
484,-18.132707595825195,0.280400812625885
485,-17.273515701293945,0.0879243016242981
486,-17.235307693481445,0.06918530911207199
487,-17.243934631347656,0.06418873369693756
488,-17.00037956237793,0.06322583556175232
489,-16.97202491760254,0.09095555543899536
490,-17.27121353149414,0.05684611201286316
491,-17.77433967590332,0.2937418520450592
492,-17.367399215698242,0.07613774389028549
493,-17.387109756469727,0.11342444270849228
494,-17.297250747680664,0.037481293082237244
495,-17.473546981811523,0.028932318091392517
496,-17.89402198791504,0.30008918046951294
497,-17.597320556640625,0.08705084770917892
498,-17.40420150756836,0.06907467544078827
499,-17.12757682800293,0.07006236910820007
500,-16.869272232055664,0.06806215643882751
501,-17.285219192504883,0.07640385627746582
502,-17.46993064880371,0.18453973531723022
503,-17.09547233581543,0.043950676918029785
504,-17.072065353393555,0.05004790425300598
505,-17.048847198486328,0.05635813623666763
506,-17.22690200805664,0.016410604119300842
507,-17.610301971435547,0.08612748980522156
508,-18.073163986206055,0.37381958961486816
509,-17.720842361450195,0.10377994924783707
510,-17.37126922607422,0.04420865327119827
511,-17.048362731933594,0.027989506721496582
512,-17.221120834350586,0.11300277709960938
513,-17.30219078063965,0.22461843490600586
514,-16.794546127319336,0.1378145068883896
515,-16.77509117126465,0.09319902956485748
516,-17.082584381103516,0.029035836458206177
517,-17.275480270385742,0.023838117718696594
518,-17.23082733154297,0.00863523781299591
519,-17.384578704833984,0.025842085480690002
520,-17.645679473876953,0.3163115382194519
521,-15.995418548583984,0.015033748000860214
522,-15.486308097839355,0.08716097474098206
523,-15.103195190429688,0.06015205383300781
524,-15.158937454223633,0.044309698045253754
525,-15.133210182189941,0.03669163957238197
526,-15.077512741088867,0.09010172635316849
527,-15.077512741088867,0.09010172635316849
528,-15.614648818969727,0.02722388505935669
529,-15.863141059875488,0.13410867750644684
530,-16.402456283569336,0.4232543706893921
531,-17.366565704345703,0.04968944936990738
532,-17.073162078857422,0.028696659952402115
533,-17.03575897216797,0.03403759375214577
534,-17.34078598022461,0.08826658129692078
535,-17.498432159423828,0.2167101502418518
536,-16.966983795166016,0.11369132250547409
537,-16.977684020996094,0.1302691400051117
538,-17.2711238861084,0.018633991479873657
539,-17.297080993652344,0.029282093048095703
540,-17.473587036132812,0.01956113427877426
541,-17.764541625976562,0.25199466943740845
542,-17.5385684967041,0.07739125192165375
543,-17.320852279663086,0.03228985518217087
544,-17.274906158447266,0.06068345159292221
545,-17.111623764038086,0.004598654806613922
546,-17.11796760559082,0.0394563302397728
547,-16.968746185302734,0.10924672335386276
548,-16.982563018798828,0.1254509836435318
549,-17.27472686767578,0.018243655562400818
550,-17.141929626464844,0.07354764640331268
551,-17.080984115600586,0.05121732875704765
552,-17.47050666809082,0.013762414455413818
553,-17.467397689819336,0.017890147864818573
554,-17.956573486328125,0.29144880175590515
555,-17.4844970703125,0.04048355668783188
556,-17.4414119720459,0.06573419272899628
557,-17.456764221191406,0.013909786939620972
558,-17.43401336669922,0.18957242369651794
559,-17.2879695892334,0.02126637101173401
560,-17.095680236816406,0.0515933483839035
561,-17.292200088500977,0.014768525958061218
562,-17.249908447265625,0.020615726709365845
563,-17.21190071105957,0.05754709243774414
564,-17.60862159729004,0.06384541094303131
565,-17.91286277770996,0.31557464599609375
566,-17.584476470947266,0.0796678215265274
567,-17.249658584594727,0.06618498265743256
568,-17.367748260498047,0.020170308649539948
569,-17.216501235961914,0.04348120838403702
570,-17.265127182006836,0.06158831715583801
571,-17.67672348022461,0.2654099762439728
572,-17.280759811401367,0.11398255825042725
573,-16.819833755493164,0.13369084894657135
574,-17.10196304321289,0.06411689519882202
575,-17.271072387695312,0.017865881323814392
576,-17.92140007019043,0.3835816979408264
577,-17.216611862182617,0.01783837378025055
578,-17.204368591308594,0.011638715863227844
579,-17.23299217224121,0.035105496644973755
580,-17.38435173034668,0.22377753257751465
581,-16.72998046875,0.0899689644575119
582,-17.19515037536621,0.03947471082210541
583,-17.037057876586914,0.06769128143787384
584,-17.016277313232422,0.07306629419326782
585,-17.429439544677734,0.05070483684539795
586,-17.66099739074707,0.32449883222579956
587,-17.18185806274414,0.012223288416862488
588,-17.45334815979004,0.055467359721660614
589,-17.23674964904785,0.02483515441417694
590,-17.31614875793457,0.1181272491812706
591,-17.050033569335938,0.11568000912666321
592,-17.320838928222656,0.026219047605991364
593,-17.37123680114746,0.026872508227825165
594,-17.57624053955078,0.018083296716213226
595,-17.874853134155273,0.24220193922519684
596,-17.40079116821289,0.04368434473872185
597,-17.225830078125,0.045076485723257065
598,-17.418277740478516,0.07414610683917999
599,-17.42222785949707,0.1624484658241272
600,-16.953401565551758,0.10167048871517181
601,-17.15272331237793,0.05005995184183121
602,-17.308177947998047,0.019007816910743713
603,-17.47928810119629,0.023864254355430603
604,-17.754226684570312,0.26949673891067505
605,-17.289194107055664,0.05123165249824524
606,-17.136680603027344,0.07016584277153015
607,-17.130931854248047,0.06653153896331787
608,-17.334877014160156,0.05000317096710205
609,-17.904932022094727,0.31165993213653564
610,-17.19244956970215,0.15347367525100708
611,-17.124860763549805,0.05363976210355759
612,-17.619489669799805,0.039615556597709656
613,-17.55124282836914,0.25305330753326416
614,-17.11614990234375,0.06468655169010162
615,-17.28307342529297,0.08082622289657593
616,-17.31716537475586,0.19356873631477356
617,-17.244966506958008,0.16858962178230286
618,-17.115434646606445,0.05025704205036163
619,-17.470718383789062,0.017582431435585022
620,-17.732593536376953,0.3193296194076538
621,-17.204904556274414,0.03571438044309616
622,-17.395803451538086,0.09540878236293793
623,-17.369260787963867,0.21526050567626953
624,-16.798786163330078,0.12502062320709229
625,-16.808677673339844,0.1342085301876068
626,-17.29075813293457,0.009446889162063599
627,-17.449174880981445,0.022434428334236145
628,-17.888763427734375,0.37126898765563965
629,-17.39834213256836,0.014151319861412048
630,-17.285253524780273,0.054830193519592285
631,-17.454660415649414,0.05333486199378967
632,-17.70391082763672,0.2815028429031372
633,-17.73370933532715,0.2047647386789322
634,-16.34083366394043,0.014577694237232208
635,-16.549924850463867,0.07324610650539398
636,-16.688247680664062,0.0479087233543396
637,-16.04832649230957,0.0192393958568573
638,-16.14236831665039,0.3666050434112549
639,-15.493099212646484,0.009985838085412979
640,-15.379265785217285,0.028757164254784584
641,-15.464926719665527,0.038045573979616165
642,-15.699207305908203,0.03196544200181961
643,-15.765780448913574,0.07682839035987854
644,-15.880448341369629,0.08783656358718872
645,-16.29450798034668,0.011035114526748657
646,-16.376235961914062,0.02517346292734146
647,-16.848480224609375,0.04632695019245148
648,-16.93600082397461,0.34291189908981323
649,-15.850714683532715,0.06889811158180237
650,-15.103195190429688,0.06015205383300781
651,-15.414505004882812,0.07580479979515076
652,-15.834606170654297,0.10101728141307831
653,-16.000810623168945,0.0325160026550293
654,-16.204814910888672,0.2701237201690674
655,-15.147588729858398,0.0411711111664772
656,-15.195050239562988,0.02282542735338211
657,-15.18986701965332,0.03670811653137207
658,-15.445642471313477,0.04309140145778656
659,-15.698347091674805,0.011899270117282867
660,-15.887038230895996,0.0952802523970604
661,-16.30299949645996,0.04134085401892662
662,-17.001697540283203,0.11073964834213257
663,-16.38534164428711,0.04075805842876434
664,-16.665388107299805,0.03383825719356537
665,-16.912904739379883,0.4116094708442688
666,-15.65498161315918,0.024477578699588776
667,-15.797863006591797,0.03783456236124039
668,-15.599830627441406,0.09011982381343842
669,-15.944371223449707,0.06891810148954391
670,-16.222084045410156,0.11722193658351898
671,-16.830127716064453,0.43403297662734985
672,-15.401139259338379,0.026660136878490448
673,-15.195050239562988,0.02282542735338211
674,-15.23290729522705,0.021240513771772385
675,-15.147588729858398,0.0411711111664772
676,-15.402254104614258,0.05444454401731491
677,-15.691207885742188,0.002584420144557953
678,-16.07331085205078,0.08944633603096008
679,-16.504243850708008,0.006309323012828827
680,-17.300331115722656,0.12426091730594635
681,-16.959421157836914,0.013551026582717896
682,-17.03935432434082,0.34066903591156006
683,-15.90517520904541,0.08383705466985703
684,-15.323704719543457,0.08599454909563065
685,-17.64544105529785,0.10564685612916946
686,-17.657655715942383,0.00785517692565918
687,-17.62729263305664,0.010015733540058136
688,-17.647192001342773,0.028902322053909302
689,-18.067363739013672,0.2659297585487366
690,-17.841167449951172,0.01534164696931839
691,-18.264745712280273,0.23100310564041138
692,-17.518299102783203,0.018114760518074036
693,-18.03615379333496,0.2269050031900406
694,-18.176942825317383,0.15784303843975067
695,-17.54977035522461,0.14951828122138977
696,-17.200742721557617,0.08262275904417038
697,-16.9608097076416,0.1123923510313034
698,-17.250032424926758,0.11913581192493439
699,-16.947280883789062,0.10474230349063873
700,-16.94912338256836,0.11735277622938156
701,-17.084163665771484,0.14764566719532013
702,-17.36862564086914,0.019369468092918396
703,-17.36191749572754,0.03311280906200409
704,-17.547138214111328,0.01574789732694626
705,-18.350055694580078,0.3452213406562805
706,-17.631866455078125,0.055286210030317307
707,-17.30099868774414,0.06675384938716888
708,-17.44599151611328,0.005163133144378662
709,-17.570615768432617,0.08305878937244415
710,-17.90047836303711,0.2989911437034607
711,-17.379289627075195,0.06667466461658478
712,-17.258281707763672,0.08915288746356964
713,-17.11213493347168,0.05245561897754669
714,-17.677114486694336,0.057339251041412354
715,-17.751583099365234,0.24951380491256714
716,-17.415315628051758,0.06950977444648743
717,-17.426923751831055,0.02411012351512909
718,-17.60685920715332,0.24441057443618774
719,-17.467435836791992,0.1435551941394806
720,-17.286623001098633,0.11251931637525558
721,-17.647809982299805,0.029020041227340698
722,-17.55875015258789,0.25392407178878784
723,-17.226367950439453,0.05792522802948952
724,-17.272790908813477,0.036048248410224915
725,-17.33108139038086,0.19755986332893372
726,-17.20572280883789,0.07593543082475662
727,-17.013681411743164,0.13208401203155518
728,-17.291776657104492,0.08126647770404816
729,-17.35733413696289,0.030155576765537262
730,-17.70087242126465,0.02535368502140045
731,-18.26898193359375,0.3391144871711731
732,-17.390209197998047,0.0909506306052208
733,-17.423490524291992,0.013057522475719452
734,-17.556058883666992,0.20829936861991882
735,-17.15210723876953,0.050941288471221924
736,-16.948266983032227,0.10365506261587143
737,-17.281620025634766,0.020999327301979065
738,-17.309377670288086,0.01819576323032379
739,-17.461177825927734,0.02193489670753479
740,-18.282617568969727,0.4025953412055969
741,-17.433706283569336,0.06961715221405029
742,-17.277677536010742,0.07339408993721008
743,-17.35742950439453,0.05796008184552193
744,-17.29408073425293,0.05877909064292908
745,-17.756284713745117,0.26693594455718994
746,-17.59459114074707,0.04153669625520706
747,-17.593564987182617,0.015869691967964172
748,-17.752246856689453,0.02519907057285309
749,-18.08321762084961,0.3750079274177551
750,-17.578088760375977,0.08985918760299683
751,-17.65534210205078,0.09470267593860626
752,-17.55666160583496,0.20217007398605347
753,-17.17045021057129,0.11301922798156738
754,-17.12562370300293,0.16915307939052582
755,-17.199708938598633,0.14724388718605042
756,-17.072532653808594,0.08028161525726318
757,-17.48213768005371,0.032798439264297485
758,-18.100576400756836,0.4152037501335144
759,-17.382740020751953,0.00806620717048645
760,-17.312604904174805,0.06927958875894547
761,-16.7557315826416,0.12269647419452667
762,-16.775962829589844,0.09358744323253632
763,-16.85047149658203,0.1517048180103302
764,-17.05257225036621,0.053094252943992615
765,-17.47698402404785,0.024855807423591614
766,-18.248538970947266,0.4162130057811737
767,-17.357988357543945,0.017655909061431885
768,-17.48414421081543,0.11317403614521027
769,-17.642168045043945,0.15365293622016907
770,-17.364070892333984,0.03180456906557083
771,-17.28319549560547,0.014387175440788269
772,-17.281463623046875,0.03046853095293045
773,-17.27910041809082,0.00774809718132019
774,-17.249786376953125,0.01526576280593872
775,-17.915498733520508,0.3902372121810913
776,-17.53678321838379,0.015556171536445618
777,-17.231660842895508,0.04128916561603546
778,-17.142807006835938,0.16989964246749878
779,-17.01629638671875,0.14933538436889648
780,-16.70071792602539,0.1169481873512268
781,-17.00513458251953,0.06528863310813904
782,-17.473649978637695,0.00988413393497467
783,-17.920093536376953,0.3845759928226471
784,-17.346248626708984,0.011670723557472229
785,-17.32492446899414,0.011136919260025024
786,-17.571802139282227,0.024799592792987823
787,-17.452178955078125,0.2025308609008789
788,-17.287012100219727,0.08625739067792892
789,-17.33153533935547,0.03281915932893753
790,-17.48682403564453,0.013722412288188934
791,-17.811460494995117,0.04820447415113449
792,-18.080995559692383,0.2891976833343506
793,-17.525203704833984,0.07477802783250809
794,-17.40342140197754,0.07020676881074905
795,-17.15081024169922,0.07049960643053055
796,-17.31744384765625,0.0326966792345047
797,-17.592790603637695,0.21496477723121643
798,-17.254154205322266,0.09530449658632278
799,-17.20575714111328,0.10671041905879974
800,-16.94430160522461,0.10740188509225845
801,-17.302370071411133,0.019125983119010925
802,-17.298084259033203,0.01690135896205902
803,-17.648847579956055,0.06508199870586395
804,-18.09335708618164,0.3593119978904724
805,-17.793256759643555,0.08674728870391846
806,-17.580486297607422,0.09671546518802643
807,-17.253034591674805,0.06995299458503723
808,-16.873661041259766,0.06866618990898132
809,-17.08550262451172,0.053218793123960495
810,-16.89270782470703,0.054315898567438126
811,-16.849079132080078,0.06617988646030426
812,-17.417736053466797,0.07425663620233536
813,-17.446636199951172,0.19798561930656433
814,-17.249032974243164,0.12347888201475143
815,-17.260311126708984,0.06962969899177551
816,-17.335506439208984,0.03164598345756531
817,-17.333267211914062,0.020565107464790344
818,-17.44550323486328,0.012120239436626434
819,-17.816408157348633,0.083478182554245
820,-18.10719108581543,0.30739545822143555
821,-17.74936294555664,0.08893097937107086
822,-17.73918914794922,0.10076795518398285
823,-17.735214233398438,0.0717623233795166
824,-17.81548309326172,0.2558651268482208
825,-17.12031364440918,0.050799041986465454
826,-17.32138442993164,0.03903131186962128
827,-17.489503860473633,0.008708357810974121
828,-17.835407257080078,0.10866016149520874
829,-18.09108543395996,0.35840529203414917
830,-17.45482635498047,0.03706124424934387
831,-17.250301361083984,0.06867048144340515
832,-17.225448608398438,0.05753852054476738
833,-17.208526611328125,0.04506702721118927
834,-17.398212432861328,0.20370855927467346
835,-17.290180206298828,0.011548802256584167
836,-17.24961280822754,0.014453664422035217
837,-17.41118812561035,0.02487252652645111
838,-17.88286018371582,0.33584874868392944
839,-17.241424560546875,0.05648042634129524
840,-17.22730827331543,0.04643833637237549
841,-17.26313018798828,0.06919454038143158
842,-17.586376190185547,0.25297752022743225
843,-17.180824279785156,0.1918942630290985
844,-17.133928298950195,0.11198703944683075
845,-17.095890045166016,0.03636956214904785
846,-17.071067810058594,0.024486422538757324
847,-17.241586685180664,0.03065868467092514
848,-17.197031021118164,0.01477038860321045
849,-17.815675735473633,0.14025072753429413
850,-17.84916114807129,0.35885608196258545
851,-17.56485366821289,0.039318352937698364
852,-17.561336517333984,0.03641700744628906
853,-17.34027099609375,0.01073428988456726
854,-17.788434982299805,0.2192809283733368
855,-17.680248260498047,0.03144493326544762
856,-17.588037490844727,0.012769587337970734
857,-17.667072296142578,0.219802126288414
858,-17.336206436157227,0.06312153488397598
859,-17.667007446289062,0.10769761353731155
860,-17.405929565429688,0.19162151217460632
861,-16.969776153564453,0.10526784509420395
862,-17.262470245361328,0.020580947399139404
863,-17.149486541748047,0.043951615691185
864,-17.316932678222656,0.019056789577007294
865,-17.258249282836914,0.021888718008995056
866,-17.468360900878906,0.017969943583011627
867,-17.758516311645508,0.2501680254936218
868,-17.448450088500977,0.06954026222229004
869,-17.28807258605957,0.07505688816308975
870,-17.152721405029297,0.05888882651925087
871,-17.335561752319336,0.053568124771118164
872,-17.58882713317871,0.23688986897468567
873,-16.927074432373047,0.1417335718870163
874,-16.915000915527344,0.11394333094358444
875,-16.90841293334961,0.11483807116746902
876,-17.240554809570312,0.05117635428905487
877,-17.292394638061523,0.013419494032859802
878,-17.444650650024414,0.0354498028755188
879,-17.90597152709961,0.3094791769981384
880,-17.39484977722168,0.0607268400490284
881,-17.38011932373047,0.057312604039907455
882,-17.09102439880371,0.04925907403230667
883,-17.04273796081543,0.03736066073179245
884,-17.12237548828125,0.0045680031180381775
885,-16.815414428710938,0.060727592557668686
886,-16.80864715576172,0.04447341710329056
887,-16.808320999145508,0.05847996845841408
888,-17.46327781677246,0.10472507774829865
889,-17.42820167541504,0.19574564695358276
890,-17.01488494873047,0.1287129521369934
891,-16.986207962036133,0.13167713582515717
892,-17.25739097595215,0.08649680763483047
893,-17.349567413330078,0.02088012546300888
894,-17.266279220581055,0.016457445919513702
895,-17.449609756469727,0.021989859640598297
896,-17.740371704101562,0.229767844080925
897,-17.583316802978516,0.08627244085073471
898,-17.282926559448242,0.07778359949588776
899,-17.293004989624023,0.07177989184856415
900,-17.46164321899414,0.026443183422088623
901,-17.530879974365234,0.19753006100654602
902,-17.138517379760742,0.05478239804506302
903,-16.929271697998047,0.11200511455535889
904,-16.92165184020996,0.11303996294736862
905,-17.124155044555664,0.05347488820552826
906,-17.129724502563477,0.0809042900800705
907,-17.269155502319336,0.015136778354644775
908,-17.22708511352539,0.02536783367395401
909,-17.405075073242188,0.01642303168773651
910,-17.70815086364746,0.2758972942829132
911,-17.393701553344727,0.052874840795993805
912,-17.243066787719727,0.0635552853345871
913,-17.23113250732422,0.049284860491752625
914,-17.21798324584961,0.04113605618476868
915,-17.245590209960938,0.003892675042152405
916,-17.41742706298828,0.14628402888774872
917,-17.372636795043945,0.21681523323059082
918,-17.388750076293945,0.06690654158592224
919,-17.262407302856445,0.022963613271713257
920,-17.324382781982422,0.2395547777414322
921,-17.3349552154541,0.016745299100875854
922,-17.184629440307617,0.010483533143997192
923,-17.243505477905273,0.1171453595161438
924,-17.281253814697266,0.23254379630088806
925,-17.280317306518555,0.10842394083738327
926,-17.190000534057617,0.08499178290367126
927,-17.665058135986328,0.05902588367462158
928,-17.483213424682617,0.264786958694458
929,-17.190570831298828,0.011457875370979309
930,-17.278459548950195,0.056585438549518585
931,-17.046831130981445,0.037788860499858856
932,-17.215925216674805,0.033309295773506165
933,-17.193130493164062,0.03979972004890442
934,-16.710689544677734,0.08959439396858215
935,-17.067441940307617,0.028003767132759094
936,-17.46839714050293,0.024605438113212585
937,-17.69312858581543,0.34042590856552124
938,-17.52387809753418,0.11494974792003632
939,-17.71595573425293,0.26174837350845337
940,-17.50444793701172,0.03209017217159271
941,-17.204317092895508,0.05657082423567772
942,-17.3099422454834,0.05585464835166931
943,-17.30194091796875,0.019401073455810547
944,-17.355670928955078,0.032134003937244415
945,-17.559289932250977,0.016773946583271027
946,-17.50025749206543,0.02099405974149704
947,-17.933597564697266,0.26027756929397583
948,-17.26137924194336,0.10230111330747604
949,-17.294464111328125,0.07019785046577454
950,-17.151416778564453,0.06807959079742432
951,-17.2502384185791,0.062320295721292496
952,-17.148588180541992,0.06756432354450226
953,-17.246017456054688,0.06162051483988762
954,-16.908666610717773,0.07417920231819153
955,-16.90302848815918,0.07333151996135712
956,-16.89815330505371,0.07234753668308258
957,-16.892993927001953,0.07130661606788635
958,-17.268388748168945,0.09618805348873138
959,-17.287269592285156,0.18028387427330017
960,-16.8682861328125,0.12993478775024414
961,-16.886686325073242,0.11558158695697784
962,-17.134401321411133,0.07318000495433807
963,-17.074262619018555,0.05046830326318741
964,-17.265687942504883,0.010188862681388855
965,-17.43642234802246,0.00883522629737854
966,-17.46937370300293,0.23802395164966583
967,-17.366296768188477,0.04702825844287872
968,-17.373741149902344,0.0029495954513549805
969,-17.20817756652832,0.02876722812652588
970,-17.241758346557617,0.012450739741325378
971,-16.906713485717773,0.06556969881057739
972,-16.791234970092773,0.10118407011032104
973,-17.194494247436523,0.05107056349515915
974,-17.06285285949707,0.028529711067676544
975,-17.229938507080078,0.00912851095199585
976,-17.6015567779541,0.04326839745044708
977,-17.649545669555664,0.3140719532966614
978,-17.1835880279541,0.014129742980003357
979,-15.158937454223633,0.044309698045253754
980,-15.103195190429688,0.06015205383300781
981,-15.103195190429688,0.06015205383300781
982,-15.62132740020752,0.031928688287734985
983,-16.140108108520508,0.3656395673751831
984,-15.147588729858398,0.0411711111664772
985,-15.147588729858398,0.0411711111664772
986,-15.515061378479004,0.024926330894231796
987,-15.738975524902344,0.04437313228845596
988,-16.076446533203125,0.06288234144449234
989,-16.0814266204834,0.04862544685602188
990,-15.760117530822754,0.03475647047162056
991,-16.223876953125,0.2053554207086563
992,-16.696863174438477,0.4936944246292114
993,-15.98515796661377,0.019289642572402954
994,-16.0965518951416,0.022547326982021332
995,-15.779874801635742,0.043717533349990845
996,-15.487817764282227,0.08731827139854431
997,-15.133210182189941,0.03669163957238197
998,-15.077512741088867,0.09010172635316849
999,-15.412033081054688,0.02145451307296753
1000,-15.147588729858398,0.0411711111664772
1001,-15.147588729858398,0.0411711111664772
1002,-15.147588729858398,0.0411711111664772
1003,-15.195050239562988,0.02282542735338211
1004,-15.147588729858398,0.0411711111664772
1005,-15.18986701965332,0.03670811653137207
1006,-15.23290729522705,0.021240513771772385
1007,-15.147588729858398,0.0411711111664772
1008,-15.147588729858398,0.0411711111664772
1009,-15.18986701965332,0.03670811653137207
1010,-15.147588729858398,0.0411711111664772
1011,-15.18986701965332,0.03670811653137207
1012,-15.147588729858398,0.0411711111664772
1013,-15.18986701965332,0.03670811653137207
1014,-15.147588729858398,0.0411711111664772
1015,-15.147588729858398,0.0411711111664772
1016,-15.147588729858398,0.0411711111664772
1017,-15.244766235351562,0.020397741347551346
1018,-15.147588729858398,0.0411711111664772
1019,-15.147588729858398,0.0411711111664772
1020,-15.195050239562988,0.02282542735338211
1021,-15.147588729858398,0.0411711111664772
1022,-15.147588729858398,0.0411711111664772
1023,-15.195050239562988,0.02282542735338211
1024,-15.18986701965332,0.03670811653137207
1025,-15.147588729858398,0.0411711111664772
1026,-15.18986701965332,0.03670811653137207
1027,-15.147588729858398,0.0411711111664772
1028,-15.147588729858398,0.0411711111664772
1029,-17.113967895507812,0.00858382135629654
1030,-17.17635154724121,0.0751759484410286
1031,-16.996238708496094,0.12680086493492126
1032,-17.041431427001953,0.17309290170669556
1033,-16.9647274017334,0.11633335053920746
1034,-16.9695987701416,0.10594859719276428
1035,-16.986831665039062,0.12115313857793808
1036,-16.966190338134766,0.1108681708574295
1037,-16.9504451751709,0.10251819342374802
1038,-16.949180603027344,0.10317887365818024
1039,-16.933815002441406,0.11848106980323792
1040,-16.947071075439453,0.10548017919063568
1041,-16.94491195678711,0.1071033850312233
1042,-16.941396713256836,0.10848850011825562
1043,-17.1098575592041,0.051935382187366486
1044,-17.053577423095703,0.06380525231361389
1045,-17.24757194519043,0.024765536189079285
1046,-16.92995262145996,0.10862985998392105
1047,-16.90055274963379,0.11776570975780487
1048,-16.879337310791016,0.12474597990512848
1049,-17.126882553100586,0.0409466028213501
1050,-17.083385467529297,0.0705074891448021
1051,-17.066869735717773,0.04819052666425705
1052,-17.049278259277344,0.04769477620720863
1053,-17.2820987701416,0.028712928295135498
1054,-17.03372573852539,0.08246637135744095
1055,-17.0372257232666,0.04495611414313316
1056,-17.03033447265625,0.04522809013724327
1057,-17.02309799194336,0.08259232342243195
1058,-17.224205017089844,0.02352086454629898
1059,-17.239906311035156,0.027172334492206573
1060,-17.434181213378906,0.2002144306898117
1061,-17.19085693359375,0.009194791316986084
1062,-17.118955612182617,0.07146070152521133
1063,-16.78369903564453,0.13109973073005676
1064,-16.759511947631836,0.09136427938938141
1065,-16.777175903320312,0.14406393468379974
1066,-17.470703125,0.019359365105628967
1067,-17.642351150512695,0.21815218031406403
1068,-17.28926658630371,0.025298278778791428
1069,-17.110429763793945,0.00372469425201416
1070,-17.10526466369629,0.037866875529289246
1071,-16.969411849975586,0.1378455013036728
1072,-17.15943145751953,0.07573774456977844
1073,-17.253305435180664,0.020046480000019073
1074,-17.17400550842285,0.043574992567300797
1075,-17.434764862060547,0.015604257583618164
1076,-17.71330451965332,0.21769201755523682
1077,-17.28347396850586,0.059826627373695374
1078,-17.11626434326172,0.08032934367656708
1079,-16.942182540893555,0.11012031137943268
1080,-16.899330139160156,0.06668354570865631
1081,-16.902969360351562,0.07331961393356323
1082,-16.927671432495117,0.08881111443042755
1083,-16.89358901977539,0.07142655551433563
1084,-16.887470245361328,0.07054673135280609
1085,-16.888565063476562,0.05983090028166771
1086,-16.873228073120117,0.06859259307384491
1087,-16.8649845123291,0.06766834855079651
1088,-16.863208770751953,0.07265203446149826
1089,-16.84696388244629,0.06596186757087708
1090,-17.169713973999023,0.04318712651729584
1091,-17.327157974243164,0.19921007752418518
1092,-17.080873489379883,0.15876953303813934
1093,-16.83576202392578,0.13714107871055603
1094,-16.845455169677734,0.10985498875379562
1095,-16.836502075195312,0.10853929817676544
1096,-16.826467514038086,0.10722633451223373
1097,-16.817062377929688,0.1059957817196846
1098,-16.806699752807617,0.10452704131603241
1099,-16.79677391052246,0.10304360091686249
1100,-16.799816131591797,0.1326446384191513
1101,-16.774988174438477,0.09316733479499817
1102,-16.783666610717773,0.14175105094909668
1103,-16.715999603271484,0.11859004199504852
1104,-16.701223373413086,0.11700858175754547
1105,-16.76103401184082,0.14712560176849365
1106,-17.032054901123047,0.16074836254119873
1107,-16.98356819152832,0.1283760517835617
1108,-17.582956314086914,0.2242903709411621
1109,-17.082834243774414,0.013024665415287018
1110,-17.07352066040039,0.02864934876561165
1111,-17.032928466796875,0.034204233437776566
1112,-17.349306106567383,0.08339133858680725
1113,-17.48261260986328,0.2136504054069519
1114,-16.968605041503906,0.10980086773633957
1115,-16.96430015563965,0.09868661314249039
1116,-17.154783248901367,0.06809227168560028
1117,-17.074018478393555,0.049192238599061966
1118,-17.006370544433594,0.07425007224082947
1119,-16.973325729370117,0.12059848010540009
1120,-16.93792724609375,0.10317227244377136
1121,-17.20209503173828,0.02891584485769272
1122,-16.936315536499023,0.13777509331703186
1123,-16.925243377685547,0.14191403985023499
1124,-16.906871795654297,0.11802918463945389
1125,-17.118785858154297,0.060014933347702026
1126,-16.895915985107422,0.12572486698627472
1127,-17.12428092956543,0.041634395718574524
1128,-17.60958480834961,0.0412362739443779
1129,-17.88241195678711,0.2604244351387024
1130,-17.4250545501709,0.04258105158805847
1131,-17.125612258911133,0.07463114708662033
1132,-16.88861846923828,0.05828249081969261
1133,-16.86276626586914,0.067464679479599
1134,-16.85403060913086,0.06666231155395508
1135,-17.324113845825195,0.0809144526720047
1136,-17.32765769958496,0.1978105902671814
1137,-16.853961944580078,0.1346305012702942
1138,-16.848936080932617,0.13532398641109467
1139,-16.858848571777344,0.1129559651017189
1140,-16.8359375,0.12601704895496368
1141,-16.850675582885742,0.11106359958648682
1142,-16.846294403076172,0.11004942655563354
1143,-17.089746475219727,0.03230518102645874
1144,-17.04676628112793,0.04819304496049881
1145,-17.2369441986084,0.009533897042274475
1146,-16.973554611206055,0.07174453139305115
1147,-17.164030075073242,0.032659947872161865
1148,-17.369384765625,0.01578749716281891
1149,-17.416099548339844,0.22355251014232635
1150,-16.792156219482422,0.061349738389253616
1151,-16.789825439453125,0.0601716972887516
1152,-16.835372924804688,0.011037342250347137
1153,-16.78622055053711,0.05269360914826393
1154,-16.782264709472656,0.05202426388859749
1155,-16.786785125732422,0.02199927717447281
1156,-17.139610290527344,0.1036088615655899
1157,-17.512338638305664,0.28372055292129517
1158,-17.468856811523438,0.1003921777009964
1159,-16.98752784729004,0.14982955157756805
1160,-16.72543716430664,0.08974882960319519
1161,-16.76999282836914,0.145731583237648
1162,-16.736764907836914,0.1262907087802887
1163,-16.71345329284668,0.08961766958236694
1164,-16.832204818725586,0.15265274047851562
1165,-16.722665786743164,0.1240607351064682
1166,-17.010906219482422,0.13275444507598877
1167,-17.292327880859375,0.02933502197265625
1168,-17.298694610595703,0.018241308629512787
1169,-17.279796600341797,0.06352274119853973
1170,-17.370723724365234,0.02609330415725708
1171,-17.305269241333008,0.032282352447509766
1172,-17.529273986816406,0.015976808965206146
1173,-17.496105194091797,0.01982753723859787
1174,-17.94012451171875,0.2552856206893921
1175,-17.45679473876953,0.07887349277734756
1176,-17.2740421295166,0.07807883620262146
1177,-17.117185592651367,0.08216992020606995
1178,-16.976707458496094,0.0906786397099495
1179,-16.929819107055664,0.07468079030513763
1180,-16.92740821838379,0.07444201409816742
1181,-16.924833297729492,0.07413450628519058
1182,-16.955820083618164,0.0932978019118309
1183,-16.902250289916992,0.06820271909236908
1184,-16.90923500061035,0.07417775690555573
1185,-16.904909133911133,0.07371100783348083
1186,-17.47154998779297,0.1290595531463623
1187,-17.52574348449707,0.24155405163764954
1188,-17.203975677490234,0.1560124158859253
1189,-16.91592025756836,0.11381857842206955
1190,-16.89460563659668,0.1303551346063614
1191,-16.905536651611328,0.11519601196050644
1192,-16.88100242614746,0.13170263171195984
1193,-16.89297103881836,0.11648454517126083
1194,-17.11164093017578,0.050510652363300323
1195,-17.49101448059082,0.0073206424713134766
1196,-17.735004425048828,0.3044147491455078
1197,-17.109561920166016,0.06316286325454712
1198,-17.06776237487793,0.04508180916309357
1199,-17.169788360595703,0.032319746911525726
1200,-16.827733993530273,0.062499579042196274
1201,-16.823802947998047,0.061940278857946396
1202,-17.247737884521484,0.09917378425598145
1203,-17.548738479614258,0.27726563811302185
1204,-17.53314971923828,0.1646592617034912
1205,-17.495595932006836,0.07892602682113647
1206,-17.41278839111328,0.05721532553434372
1207,-17.3895263671875,0.029690921306610107
1208,-17.849632263183594,0.27229049801826477
1209,-18.02882194519043,0.1964341253042221
1210,-17.734708786010742,0.30822330713272095
1211,-17.183265686035156,0.1776275634765625
1212,-16.78252410888672,0.14216482639312744
1213,-17.073162078857422,0.022331461310386658
1214,-17.23377227783203,0.009447768330574036
1215,-17.691158294677734,0.3357657790184021
1216,-17.319860458374023,0.01189565658569336
1217,-16.768009185791016,0.049677055329084396
1218,-16.778600692749023,0.051519621163606644
1219,-17.267608642578125,0.13576164841651917
1220,-18.085315704345703,0.3228667974472046
1221,-17.21607780456543,0.10110568255186081
1222,-17.142648696899414,0.07365521788597107
1223,-17.011613845825195,0.12818172574043274
1224,-16.93537712097168,0.1147320419549942
1225,-16.98361587524414,0.12866204977035522
1226,-16.982206344604492,0.1225009560585022
1227,-16.987642288208008,0.1264720857143402
1228,-17.03773307800293,0.17218437790870667
1229,-16.958656311035156,0.10091666877269745
1230,-17.154191970825195,0.04814211279153824
1231,-17.316017150878906,0.018062099814414978
1232,-17.47384262084961,0.020935222506523132
1233,-17.944149017333984,0.295163631439209
1234,-17.15325927734375,0.05662553757429123
1235,-17.149921417236328,0.06761417537927628
1236,-16.957889556884766,0.09299852699041367
1237,-16.91636085510254,0.07415799796581268
1238,-16.91141700744629,0.07417154312133789
1239,-16.917156219482422,0.0873604267835617
1240,-16.902711868286133,0.07326750457286835
1241,-16.89893913269043,0.0725061297416687
1242,-16.895078659057617,0.07172711193561554
1243,-16.89116859436035,0.07098935544490814
1244,-16.89765167236328,0.08650553971529007
1245,-16.888566970825195,0.059727538377046585
1246,-16.873329162597656,0.06861008703708649
1247,-16.888935089111328,0.05770821496844292
1248,-16.85901641845703,0.06712014973163605
1249,-16.85117530822754,0.06639616191387177
1250,-16.89371681213379,0.048731014132499695
1251,-16.841035842895508,0.0652426928281784
1252,-16.84623146057129,0.07580340653657913
1253,-16.832962036132812,0.06360185146331787
1254,-16.828792572021484,0.06269817054271698
1255,-16.869365692138672,0.033536769449710846
1256,-17.249834060668945,0.09844280779361725
1257,-17.322465896606445,0.2109677791595459
1258,-16.831809997558594,0.10792537033557892
1259,-16.843576431274414,0.13730226457118988
1260,-16.81617546081543,0.10587962716817856
1261,-16.809350967407227,0.13413512706756592
1262,-17.091678619384766,0.03165385127067566
1263,-17.253826141357422,0.01797880232334137
1264,-18.118457794189453,0.42352256178855896
1265,-17.058664321899414,0.020060673356056213
1266,-16.786283493041992,0.05270726606249809
1267,-16.78374481201172,0.05624258145689964
1268,-16.777563095092773,0.05157293751835823
1269,-16.773813247680664,0.05093858763575554
1270,-16.779438018798828,0.05228715017437935
1271,-15.464926719665527,0.038045573979616165
1272,-15.917651176452637,0.07534423470497131
1273,-16.07903480529785,0.04174866899847984
1274,-16.29450798034668,0.011035114526748657
1275,-17.038806915283203,0.14269134402275085
1276,-16.30974769592285,0.07650259137153625
1277,-16.28097152709961,0.11896400153636932
1278,-15.980794906616211,0.3027942180633545
1279,-17.082834243774414,0.013024665415287018
1280,-17.08067512512207,0.012920275330543518
1281,-17.061859130859375,0.02228163182735443
1282,-17.082834243774414,0.013024665415287018
1283,-17.293407440185547,0.041292883455753326
1284,-17.75397300720215,0.306262344121933
1285,-17.23348045349121,0.14254775643348694
1286,-16.960773468017578,0.11556187272071838
1287,-16.97310447692871,0.13449719548225403
1288,-16.960386276245117,0.1006404384970665
1289,-16.95403480529785,0.10154250264167786
1290,-16.95230484008789,0.11417106539011002
1291,-16.94895362854004,0.10329630225896835
1292,-16.947677612304688,0.1042596846818924
1293,-17.289724349975586,0.02066950500011444
1294,-17.290781021118164,0.039030298590660095
1295,-17.44558334350586,0.018776558339595795
1296,-18.26767349243164,0.300514280796051
1297,-17.447816848754883,0.04286815598607063
1298,-17.27155303955078,0.025164302438497543
1299,-17.006364822387695,0.02969059720635414
1300,-17.023754119873047,0.05169462412595749
1301,-16.991153717041016,0.06458161771297455
1302,-17.401893615722656,0.0643809586763382
1303,-17.434410095214844,0.2256259024143219
1304,-17.28607177734375,0.11764810234308243
1305,-17.001890182495117,0.1266256421804428
1306,-17.277786254882812,0.07686332613229752
1307,-17.150665283203125,0.07702996581792831
1308,-17.116601943969727,0.053521718829870224
1309,-17.064233779907227,0.050092700868844986
1310,-17.24753761291504,0.0195925310254097
1311,-17.452354431152344,0.021222472190856934
1312,-17.76376724243164,0.24889639019966125
1313,-17.172225952148438,0.05175771564245224
1314,-17.15082550048828,0.06804479658603668
1315,-17.149953842163086,0.06789209693670273
1316,-17.381948471069336,0.06214992702007294
1317,-17.601497650146484,0.24577602744102478
1318,-16.9418888092041,0.10832525044679642
1319,-16.938678741455078,0.10945358872413635
1320,-17.28769302368164,0.021435067057609558
1321,-17.31000328063965,0.016665220260620117
1322,-17.075851440429688,0.05785974860191345
1323,-17.471078872680664,0.03570207953453064
1324,-17.90974998474121,0.3270680904388428
1325,-17.58318519592285,0.0901014506816864
1326,-17.571090698242188,0.19823956489562988
1327,-17.302509307861328,0.01578681170940399
1328,-17.15009117126465,0.07571996748447418
1329,-16.861251831054688,0.1336367279291153
1330,-16.855728149414062,0.13438692688941956
1331,-17.117074966430664,0.05084860324859619
1332,-17.307193756103516,0.03548835217952728
1333,-17.296293258666992,0.011154145002365112
1334,-17.265790939331055,0.02864551544189453
1335,-17.846967697143555,0.13715697824954987
1336,-18.093650817871094,0.4017466902732849
1337,-17.375242233276367,0.04492778331041336
1338,-17.22964096069336,0.04549936205148697
1339,-17.216480255126953,0.03187984228134155
1340,-17.312461853027344,0.027160879224538803
1341,-17.258121490478516,0.021701432764530182
1342,-17.25764274597168,0.01847226917743683
1343,-17.017484664916992,0.03741711005568504
1344,-17.027563095092773,0.045730672776699066
1345,-17.00301170349121,0.06021939218044281
1346,-16.987918853759766,0.06898056715726852
1347,-16.95700454711914,0.07561028748750687
1348,-16.967172622680664,0.0676131546497345
1349,-16.932056427001953,0.07456965744495392
1350,-16.928302764892578,0.07455320656299591
1351,-16.923460006713867,0.07413832098245621
1352,-16.91541862487793,0.07416053861379623
1353,-16.9075870513916,0.07418224960565567
1354,-17.274702072143555,0.06287914514541626
1355,-17.54103660583496,0.24684348702430725
1356,-17.180862426757812,0.15201468765735626
1357,-17.17730712890625,0.15403889119625092
1358,-16.88051414489746,0.13175104558467865
1359,-16.889116287231445,0.11600630730390549
1360,-17.108182907104492,0.04960140585899353
1361,-17.294565200805664,0.012293592095375061
1362,-17.047517776489258,0.05704885721206665
1363,-17.00599479675293,0.09199286997318268
1364,-16.963260650634766,0.10034770518541336
1365,-17.61850929260254,0.09769110381603241
1366,-17.666419982910156,0.29295092821121216
1367,-17.226848602294922,0.03519289940595627
1368,-17.053892135620117,0.02552342414855957
1369,-16.789304733276367,0.031341008841991425
1370,-16.791959762573242,0.05395817384123802
1371,-16.785310745239258,0.05249296501278877
1372,-16.778759002685547,0.05168772116303444
1373,-16.786670684814453,0.02077125757932663
1374,-17.660978317260742,0.21270227432250977
1375,-17.550926208496094,0.31817954778671265
1376,-17.127470016479492,0.1648150086402893
1377,-16.70058822631836,0.08950944244861603
1378,-17.24061393737793,0.01036505401134491
1379,-17.46280860900879,0.2777103781700134
1380,-17.395397186279297,0.12787915766239166
1381,-17.26140785217285,0.24342404305934906
1382,-16.6912899017334,0.08943131566047668
1383,-17.037334442138672,0.12350760400295258
1384,-17.009946823120117,0.1341293603181839
1385,-17.00780487060547,0.12756305932998657
1386,-17.563987731933594,0.010530248284339905
1387,-17.59136199951172,0.013894684612751007
1388,-17.53067398071289,0.015395939350128174
1389,-17.42215347290039,0.02108065038919449
1390,-17.646953582763672,0.1988081932067871
1391,-17.27471351623535,0.08059608191251755
1392,-17.251476287841797,0.07568393647670746
1393,-17.257709503173828,0.18346434831619263
1394,-16.95144271850586,0.11632887274026871
1395,-16.944034576416016,0.10753163695335388
1396,-17.312984466552734,0.04093043506145477
1397,-17.304039001464844,0.01635424792766571
1398,-17.047937393188477,0.06554540991783142
1399,-17.253305435180664,0.048022665083408356
1400,-17.41935920715332,0.014398112893104553
1401,-17.188188552856445,0.03591667860746384
1402,-17.127532958984375,0.06461125612258911
1403,-17.124826431274414,0.041982799768447876
1404,-17.083526611328125,0.07095737755298615
1405,-17.072509765625,0.07414479553699493
1406,-17.354951858520508,0.007809795439243317
1407,-17.300691604614258,0.027197949588298798
1408,-17.277856826782227,0.03021855652332306
1409,-17.570682525634766,0.0428980216383934
1410,-17.830476760864258,0.28212302923202515
1411,-17.345964431762695,0.011973321437835693
1412,-17.31955337524414,0.13642330467700958
1413,-17.059473037719727,0.031394943594932556
1414,-17.084033966064453,0.027491897344589233
1415,-17.081626892089844,0.02623206377029419
1416,-17.24009895324707,0.012115076184272766
1417,-17.674169540405273,0.3053199052810669
1418,-17.039146423339844,0.013082876801490784
1419,-17.158735275268555,0.11405904591083527
1420,-17.269258499145508,0.23223111033439636
1421,-15.077512741088867,0.09010172635316849
1422,-15.198488235473633,0.06718870252370834
1423,-15.497849464416504,0.03642008453607559
1424,-15.977851867675781,0.30164486169815063
1425,-15.515411376953125,0.005851119756698608
1426,-15.497827529907227,0.010392658412456512
1427,-17.082834243774414,0.013024665415287018
1428,-17.17725372314453,0.005484201014041901
1429,-17.50180435180664,0.14856193959712982
1430,-17.118335723876953,0.0538366362452507
1431,-17.345979690551758,0.02522500604391098
1432,-17.497173309326172,0.021848350763320923
1433,-17.757286071777344,0.23380765318870544
1434,-17.40713119506836,0.08579203486442566
1435,-17.268983840942383,0.0849907398223877
1436,-17.133033752441406,0.07969402521848679
1437,-16.926803588867188,0.06821970641613007
1438,-16.919845581054688,0.06775282323360443
1439,-16.960094451904297,0.09267984330654144
1440,-16.9036865234375,0.06868109107017517
1441,-17.456941604614258,0.1115252822637558
1442,-17.55035400390625,0.25077322125434875
1443,-17.18705940246582,0.14507153630256653
1444,-17.134761810302734,0.13507674634456635
1445,-17.112346649169922,0.051765382289886475
1446,-17.297731399536133,0.015124127268791199
1447,-17.23948097229004,0.02412416785955429
1448,-17.20887565612793,0.034419089555740356
1449,-17.60603904724121,0.059868380427360535
1450,-17.927648544311523,0.30968958139419556
1451,-17.598474502563477,0.05794355645775795
1452,-17.58455467224121,0.07686811685562134
1453,-17.429903030395508,0.03999511897563934
1454,-17.501968383789062,0.2433149814605713
1455,-17.17750358581543,0.1863557994365692
1456,-16.847583770751953,0.11034809052944183
1457,-17.27834701538086,0.020269736647605896
1458,-17.074556350708008,0.07142100483179092
1459,-17.237979888916016,0.010528221726417542
1460,-17.895051956176758,0.36515939235687256
1461,-17.371929168701172,0.032119184732437134
1462,-17.218669891357422,0.027208521962165833
1463,-17.40358543395996,0.0065610408782958984
1464,-17.448928833007812,0.17963525652885437
1465,-17.44258689880371,0.06022019684314728
1466,-17.71516227722168,0.32934436202049255
1467,-16.823081970214844,0.01018555462360382
1468,-16.780101776123047,0.05289850011467934
1469,-16.77115821838379,0.05027596279978752
1470,-17.529067993164062,0.18504585325717926
1471,-17.529111862182617,0.3016068935394287
1472,-17.024394989013672,0.14683644473552704
1473,-17.264019012451172,0.011749863624572754
1474,-17.497718811035156,0.2946205139160156
1475,-17.026582717895508,0.00760573148727417
1476,-17.165496826171875,0.12271435558795929
1477,-17.657386779785156,0.28185611963272095
1478,-17.003633499145508,0.1349296271800995
1479,-16.96212387084961,0.1321859508752823
1480,-17.33563232421875,0.03246554732322693
1481,-17.427013397216797,0.01671081781387329
1482,-17.319210052490234,0.03086269646883011
1483,-17.910797119140625,0.06073615700006485
1484,-18.132707595825195,0.280400812625885
1485,-17.273515701293945,0.0879243016242981
1486,-17.235307693481445,0.06918530911207199
1487,-17.243934631347656,0.06418873369693756
1488,-17.00037956237793,0.06322583556175232
1489,-16.97202491760254,0.09095555543899536
1490,-17.27121353149414,0.05684611201286316
1491,-17.77433967590332,0.2937418520450592
1492,-17.367399215698242,0.07613774389028549
1493,-17.387109756469727,0.11342444270849228
1494,-17.297250747680664,0.037481293082237244
1495,-17.473546981811523,0.028932318091392517
1496,-17.89402198791504,0.30008918046951294
1497,-17.597320556640625,0.08705084770917892
1498,-17.40420150756836,0.06907467544078827
1499,-17.12757682800293,0.07006236910820007
1500,-16.869272232055664,0.06806215643882751
1501,-17.285219192504883,0.07640385627746582
1502,-17.46993064880371,0.18453973531723022
1503,-17.09547233581543,0.043950676918029785
1504,-17.072065353393555,0.05004790425300598
1505,-17.048847198486328,0.05635813623666763
1506,-17.22690200805664,0.016410604119300842
1507,-17.610301971435547,0.08612748980522156
1508,-18.073163986206055,0.37381958961486816
1509,-17.720842361450195,0.10377994924783707
1510,-17.37126922607422,0.04420865327119827
1511,-17.048362731933594,0.027989506721496582
1512,-17.221120834350586,0.11300277709960938
1513,-17.30219078063965,0.22461843490600586
1514,-16.794546127319336,0.1378145068883896
1515,-16.77509117126465,0.09319902956485748
1516,-17.082584381103516,0.029035836458206177
1517,-17.275480270385742,0.023838117718696594
1518,-17.23082733154297,0.00863523781299591
1519,-17.384578704833984,0.025842085480690002
1520,-17.645679473876953,0.3163115382194519
1521,-15.995418548583984,0.015033748000860214
1522,-15.486308097839355,0.08716097474098206
1523,-15.103195190429688,0.06015205383300781
1524,-15.158937454223633,0.044309698045253754
1525,-15.133210182189941,0.03669163957238197
1526,-15.077512741088867,0.09010172635316849
1527,-15.077512741088867,0.09010172635316849
1528,-15.614648818969727,0.02722388505935669
1529,-15.863141059875488,0.13410867750644684
1530,-16.402456283569336,0.4232543706893921
1531,-17.366565704345703,0.04968944936990738
1532,-17.073162078857422,0.028696659952402115
1533,-17.03575897216797,0.03403759375214577
1534,-17.34078598022461,0.08826658129692078
1535,-17.498432159423828,0.2167101502418518
1536,-16.966983795166016,0.11369132250547409
1537,-16.977684020996094,0.1302691400051117
1538,-17.2711238861084,0.018633991479873657
1539,-17.297080993652344,0.029282093048095703
1540,-17.473587036132812,0.01956113427877426
1541,-17.764541625976562,0.25199466943740845
1542,-17.5385684967041,0.07739125192165375
1543,-17.320852279663086,0.03228985518217087
1544,-17.274906158447266,0.06068345159292221
1545,-17.111623764038086,0.004598654806613922
1546,-17.11796760559082,0.0394563302397728
1547,-16.968746185302734,0.10924672335386276
1548,-16.982563018798828,0.1254509836435318
1549,-17.27472686767578,0.018243655562400818
1550,-17.141929626464844,0.07354764640331268
1551,-17.080984115600586,0.05121732875704765
1552,-17.47050666809082,0.013762414455413818
1553,-17.467397689819336,0.017890147864818573
1554,-17.956573486328125,0.29144880175590515
1555,-17.4844970703125,0.04048355668783188
1556,-17.4414119720459,0.06573419272899628
1557,-17.456764221191406,0.013909786939620972
1558,-17.43401336669922,0.18957242369651794
1559,-17.2879695892334,0.02126637101173401
1560,-17.095680236816406,0.0515933483839035
1561,-17.292200088500977,0.014768525958061218
1562,-17.249908447265625,0.020615726709365845
1563,-17.21190071105957,0.05754709243774414
1564,-17.60862159729004,0.06384541094303131
1565,-17.91286277770996,0.31557464599609375
1566,-17.584476470947266,0.0796678215265274
1567,-17.249658584594727,0.06618498265743256
1568,-17.367748260498047,0.020170308649539948
1569,-17.216501235961914,0.04348120838403702
1570,-17.265127182006836,0.06158831715583801
1571,-17.67672348022461,0.2654099762439728
1572,-17.280759811401367,0.11398255825042725
1573,-16.819833755493164,0.13369084894657135
1574,-17.10196304321289,0.06411689519882202
1575,-17.271072387695312,0.017865881323814392
1576,-17.92140007019043,0.3835816979408264
1577,-17.216611862182617,0.01783837378025055
1578,-17.204368591308594,0.011638715863227844
1579,-17.23299217224121,0.035105496644973755
1580,-17.38435173034668,0.22377753257751465
1581,-16.72998046875,0.0899689644575119
1582,-17.19515037536621,0.03947471082210541
1583,-17.037057876586914,0.06769128143787384
1584,-17.016277313232422,0.07306629419326782
1585,-17.429439544677734,0.05070483684539795
1586,-17.66099739074707,0.32449883222579956
1587,-17.18185806274414,0.012223288416862488
1588,-17.45334815979004,0.055467359721660614
1589,-17.23674964904785,0.02483515441417694
1590,-17.31614875793457,0.1181272491812706
1591,-17.050033569335938,0.11568000912666321
1592,-17.320838928222656,0.026219047605991364
1593,-17.37123680114746,0.026872508227825165
1594,-17.57624053955078,0.018083296716213226
1595,-17.874853134155273,0.24220193922519684
1596,-17.40079116821289,0.04368434473872185
1597,-17.225830078125,0.045076485723257065
1598,-17.418277740478516,0.07414610683917999
1599,-17.42222785949707,0.1624484658241272
1600,-16.953401565551758,0.10167048871517181
1601,-17.15272331237793,0.05005995184183121
1602,-17.308177947998047,0.019007816910743713
1603,-17.47928810119629,0.023864254355430603
1604,-17.754226684570312,0.26949673891067505
1605,-17.289194107055664,0.05123165249824524
1606,-17.136680603027344,0.07016584277153015
1607,-17.130931854248047,0.06653153896331787
1608,-17.334877014160156,0.05000317096710205
1609,-17.904932022094727,0.31165993213653564
1610,-17.19244956970215,0.15347367525100708
1611,-17.124860763549805,0.05363976210355759
1612,-17.619489669799805,0.039615556597709656
1613,-17.55124282836914,0.25305330753326416
1614,-17.11614990234375,0.06468655169010162
1615,-17.28307342529297,0.08082622289657593
1616,-17.31716537475586,0.19356873631477356
1617,-17.244966506958008,0.16858962178230286
1618,-17.115434646606445,0.05025704205036163
1619,-17.470718383789062,0.017582431435585022
1620,-17.732593536376953,0.3193296194076538
1621,-17.204904556274414,0.03571438044309616
1622,-17.395803451538086,0.09540878236293793
1623,-17.369260787963867,0.21526050567626953
1624,-16.798786163330078,0.12502062320709229
1625,-16.808677673339844,0.1342085301876068
1626,-17.29075813293457,0.009446889162063599
1627,-17.449174880981445,0.022434428334236145
1628,-17.888763427734375,0.37126898765563965
1629,-17.39834213256836,0.014151319861412048
1630,-17.285253524780273,0.054830193519592285
1631,-17.454660415649414,0.05333486199378967
1632,-17.70391082763672,0.2815028429031372
1633,-17.73370933532715,0.2047647386789322
1634,-16.34083366394043,0.014577694237232208
1635,-16.549924850463867,0.07324610650539398
1636,-16.688247680664062,0.0479087233543396
1637,-16.04832649230957,0.0192393958568573
1638,-16.14236831665039,0.3666050434112549
1639,-15.493099212646484,0.009985838085412979
1640,-15.379265785217285,0.028757164254784584
1641,-15.464926719665527,0.038045573979616165
1642,-15.699207305908203,0.03196544200181961
1643,-15.765780448913574,0.07682839035987854
1644,-15.880448341369629,0.08783656358718872
1645,-16.29450798034668,0.011035114526748657
1646,-16.376235961914062,0.02517346292734146
1647,-16.848480224609375,0.04632695019245148
1648,-16.93600082397461,0.34291189908981323
1649,-15.850714683532715,0.06889811158180237
1650,-15.103195190429688,0.06015205383300781
1651,-15.414505004882812,0.07580479979515076
1652,-15.834606170654297,0.10101728141307831
1653,-16.000810623168945,0.0325160026550293
1654,-16.204814910888672,0.2701237201690674
1655,-15.147588729858398,0.0411711111664772
1656,-15.195050239562988,0.02282542735338211
1657,-15.18986701965332,0.03670811653137207
1658,-15.445642471313477,0.04309140145778656
1659,-15.698347091674805,0.011899270117282867
1660,-15.887038230895996,0.0952802523970604
1661,-16.30299949645996,0.04134085401892662
1662,-17.001697540283203,0.11073964834213257
1663,-16.38534164428711,0.04075805842876434
1664,-16.665388107299805,0.03383825719356537
1665,-16.912904739379883,0.4116094708442688
1666,-15.65498161315918,0.024477578699588776
1667,-15.797863006591797,0.03783456236124039
1668,-15.599830627441406,0.09011982381343842
1669,-15.944371223449707,0.06891810148954391
1670,-16.222084045410156,0.11722193658351898
1671,-16.830127716064453,0.43403297662734985
1672,-15.401139259338379,0.026660136878490448
1673,-15.195050239562988,0.02282542735338211
1674,-15.23290729522705,0.021240513771772385
1675,-15.147588729858398,0.0411711111664772
1676,-15.402254104614258,0.05444454401731491
1677,-15.691207885742188,0.002584420144557953
1678,-16.07331085205078,0.08944633603096008
1679,-16.504243850708008,0.006309323012828827
1680,-17.300331115722656,0.12426091730594635
1681,-16.959421157836914,0.013551026582717896
1682,-17.03935432434082,0.34066903591156006
1683,-15.90517520904541,0.08383705466985703
1684,-15.323704719543457,0.08599454909563065
1685,-17.64544105529785,0.10564685612916946
1686,-17.657655715942383,0.00785517692565918
1687,-17.62729263305664,0.010015733540058136
1688,-17.647192001342773,0.028902322053909302
1689,-18.067363739013672,0.2659297585487366
1690,-17.841167449951172,0.01534164696931839
1691,-18.264745712280273,0.23100310564041138
1692,-17.518299102783203,0.018114760518074036
1693,-18.03615379333496,0.2269050031900406
1694,-18.176942825317383,0.15784303843975067
1695,-17.54977035522461,0.14951828122138977
1696,-17.200742721557617,0.08262275904417038
1697,-16.9608097076416,0.1123923510313034
1698,-17.250032424926758,0.11913581192493439
1699,-16.947280883789062,0.10474230349063873
1700,-16.94912338256836,0.11735277622938156
1701,-17.084163665771484,0.14764566719532013
1702,-17.36862564086914,0.019369468092918396
1703,-17.36191749572754,0.03311280906200409
1704,-17.547138214111328,0.01574789732694626
1705,-18.350055694580078,0.3452213406562805
1706,-17.631866455078125,0.055286210030317307
1707,-17.30099868774414,0.06675384938716888
1708,-17.44599151611328,0.005163133144378662
1709,-17.570615768432617,0.08305878937244415
1710,-17.90047836303711,0.2989911437034607
1711,-17.379289627075195,0.06667466461658478
1712,-17.258281707763672,0.08915288746356964
1713,-17.11213493347168,0.05245561897754669
1714,-17.677114486694336,0.057339251041412354
1715,-17.751583099365234,0.24951380491256714
1716,-17.415315628051758,0.06950977444648743
1717,-17.426923751831055,0.02411012351512909
1718,-17.60685920715332,0.24441057443618774
1719,-17.467435836791992,0.1435551941394806
1720,-17.286623001098633,0.11251931637525558
1721,-17.647809982299805,0.029020041227340698
1722,-17.55875015258789,0.25392407178878784
1723,-17.226367950439453,0.05792522802948952
1724,-17.272790908813477,0.036048248410224915
1725,-17.33108139038086,0.19755986332893372
1726,-17.20572280883789,0.07593543082475662
1727,-17.013681411743164,0.13208401203155518
1728,-17.291776657104492,0.08126647770404816
1729,-17.35733413696289,0.030155576765537262
1730,-17.70087242126465,0.02535368502140045
1731,-18.26898193359375,0.3391144871711731
1732,-17.390209197998047,0.0909506306052208
1733,-17.423490524291992,0.013057522475719452
1734,-17.556058883666992,0.20829936861991882
1735,-17.15210723876953,0.050941288471221924
1736,-16.948266983032227,0.10365506261587143
1737,-17.281620025634766,0.020999327301979065
1738,-17.309377670288086,0.01819576323032379
1739,-17.461177825927734,0.02193489670753479
1740,-18.282617568969727,0.4025953412055969
1741,-17.433706283569336,0.06961715221405029
1742,-17.277677536010742,0.07339408993721008
1743,-17.35742950439453,0.05796008184552193
1744,-17.29408073425293,0.05877909064292908
1745,-17.756284713745117,0.26693594455718994
1746,-17.59459114074707,0.04153669625520706
1747,-17.593564987182617,0.015869691967964172
1748,-17.752246856689453,0.02519907057285309
1749,-18.08321762084961,0.3750079274177551
1750,-17.578088760375977,0.08985918760299683
1751,-17.65534210205078,0.09470267593860626
1752,-17.55666160583496,0.20217007398605347
1753,-17.17045021057129,0.11301922798156738
1754,-17.12562370300293,0.16915307939052582
1755,-17.199708938598633,0.14724388718605042
1756,-17.072532653808594,0.08028161525726318
1757,-17.48213768005371,0.032798439264297485
1758,-18.100576400756836,0.4152037501335144
1759,-17.382740020751953,0.00806620717048645
1760,-17.312604904174805,0.06927958875894547
1761,-16.7557315826416,0.12269647419452667
1762,-16.775962829589844,0.09358744323253632
1763,-16.85047149658203,0.1517048180103302
1764,-17.05257225036621,0.053094252943992615
1765,-17.47698402404785,0.024855807423591614
1766,-18.248538970947266,0.4162130057811737
1767,-17.357988357543945,0.017655909061431885
1768,-17.48414421081543,0.11317403614521027
1769,-17.642168045043945,0.15365293622016907
1770,-17.364070892333984,0.03180456906557083
1771,-17.28319549560547,0.014387175440788269
1772,-17.281463623046875,0.03046853095293045
1773,-17.27910041809082,0.00774809718132019
1774,-17.249786376953125,0.01526576280593872
1775,-17.915498733520508,0.3902372121810913
1776,-17.53678321838379,0.015556171536445618
1777,-17.231660842895508,0.04128916561603546
1778,-17.142807006835938,0.16989964246749878
1779,-17.01629638671875,0.14933538436889648
1780,-16.70071792602539,0.1169481873512268
1781,-17.00513458251953,0.06528863310813904
1782,-17.473649978637695,0.00988413393497467
1783,-17.920093536376953,0.3845759928226471
1784,-17.346248626708984,0.011670723557472229
1785,-17.32492446899414,0.011136919260025024
1786,-17.571802139282227,0.024799592792987823
1787,-17.452178955078125,0.2025308609008789
1788,-17.287012100219727,0.08625739067792892
1789,-17.33153533935547,0.03281915932893753
1790,-17.48682403564453,0.013722412288188934
1791,-17.811460494995117,0.04820447415113449
1792,-18.080995559692383,0.2891976833343506
1793,-17.525203704833984,0.07477802783250809
1794,-17.40342140197754,0.07020676881074905
1795,-17.15081024169922,0.07049960643053055
1796,-17.31744384765625,0.0326966792345047
1797,-17.592790603637695,0.21496477723121643
1798,-17.254154205322266,0.09530449658632278
1799,-17.20575714111328,0.10671041905879974
1800,-16.94430160522461,0.10740188509225845
1801,-17.302370071411133,0.019125983119010925
1802,-17.298084259033203,0.01690135896205902
1803,-17.648847579956055,0.06508199870586395
1804,-18.09335708618164,0.3593119978904724
1805,-17.793256759643555,0.08674728870391846
1806,-17.580486297607422,0.09671546518802643
1807,-17.253034591674805,0.06995299458503723
1808,-16.873661041259766,0.06866618990898132
1809,-17.08550262451172,0.053218793123960495
1810,-16.89270782470703,0.054315898567438126
1811,-16.849079132080078,0.06617988646030426
1812,-17.417736053466797,0.07425663620233536
1813,-17.446636199951172,0.19798561930656433
1814,-17.249032974243164,0.12347888201475143
1815,-17.260311126708984,0.06962969899177551
1816,-17.335506439208984,0.03164598345756531
1817,-17.333267211914062,0.020565107464790344
1818,-17.44550323486328,0.012120239436626434
1819,-17.816408157348633,0.083478182554245
1820,-18.10719108581543,0.30739545822143555
1821,-17.74936294555664,0.08893097937107086
1822,-17.73918914794922,0.10076795518398285
1823,-17.735214233398438,0.0717623233795166
1824,-17.81548309326172,0.2558651268482208
1825,-17.12031364440918,0.050799041986465454
1826,-17.32138442993164,0.03903131186962128
1827,-17.489503860473633,0.008708357810974121
1828,-17.835407257080078,0.10866016149520874
1829,-18.09108543395996,0.35840529203414917
1830,-17.45482635498047,0.03706124424934387
1831,-17.250301361083984,0.06867048144340515
1832,-17.225448608398438,0.05753852054476738
1833,-17.208526611328125,0.04506702721118927
1834,-17.398212432861328,0.20370855927467346
1835,-17.290180206298828,0.011548802256584167
1836,-17.24961280822754,0.014453664422035217
1837,-17.41118812561035,0.02487252652645111
1838,-17.88286018371582,0.33584874868392944
1839,-17.241424560546875,0.05648042634129524
1840,-17.22730827331543,0.04643833637237549
1841,-17.26313018798828,0.06919454038143158
1842,-17.586376190185547,0.25297752022743225
1843,-17.180824279785156,0.1918942630290985
1844,-17.133928298950195,0.11198703944683075
1845,-17.095890045166016,0.03636956214904785
1846,-17.071067810058594,0.024486422538757324
1847,-17.241586685180664,0.03065868467092514
1848,-17.197031021118164,0.01477038860321045
1849,-17.815675735473633,0.14025072753429413
1850,-17.84916114807129,0.35885608196258545
1851,-17.56485366821289,0.039318352937698364
1852,-17.561336517333984,0.03641700744628906
1853,-17.34027099609375,0.01073428988456726
1854,-17.788434982299805,0.2192809283733368
1855,-17.680248260498047,0.03144493326544762
1856,-17.588037490844727,0.012769587337970734
1857,-17.667072296142578,0.219802126288414
1858,-17.336206436157227,0.06312153488397598
1859,-17.667007446289062,0.10769761353731155
1860,-17.405929565429688,0.19162151217460632
1861,-16.969776153564453,0.10526784509420395
1862,-17.262470245361328,0.020580947399139404
1863,-17.149486541748047,0.043951615691185
1864,-17.316932678222656,0.019056789577007294
1865,-17.258249282836914,0.021888718008995056
1866,-17.468360900878906,0.017969943583011627
1867,-17.758516311645508,0.2501680254936218
1868,-17.448450088500977,0.06954026222229004
1869,-17.28807258605957,0.07505688816308975
1870,-17.152721405029297,0.05888882651925087
1871,-17.335561752319336,0.053568124771118164
1872,-17.58882713317871,0.23688986897468567
1873,-16.927074432373047,0.1417335718870163
1874,-16.915000915527344,0.11394333094358444
1875,-16.90841293334961,0.11483807116746902
1876,-17.240554809570312,0.05117635428905487
1877,-17.292394638061523,0.013419494032859802
1878,-17.444650650024414,0.0354498028755188
1879,-17.90597152709961,0.3094791769981384
1880,-17.39484977722168,0.0607268400490284
1881,-17.38011932373047,0.057312604039907455
1882,-17.09102439880371,0.04925907403230667
1883,-17.04273796081543,0.03736066073179245
1884,-17.12237548828125,0.0045680031180381775
1885,-16.815414428710938,0.060727592557668686
1886,-16.80864715576172,0.04447341710329056
1887,-16.808320999145508,0.05847996845841408
1888,-17.46327781677246,0.10472507774829865
1889,-17.42820167541504,0.19574564695358276
1890,-17.01488494873047,0.1287129521369934
1891,-16.986207962036133,0.13167713582515717
1892,-17.25739097595215,0.08649680763483047
1893,-17.349567413330078,0.02088012546300888
1894,-17.266279220581055,0.016457445919513702
1895,-17.449609756469727,0.021989859640598297
1896,-17.740371704101562,0.229767844080925
1897,-17.583316802978516,0.08627244085073471
1898,-17.282926559448242,0.07778359949588776
1899,-17.293004989624023,0.07177989184856415
1900,-17.46164321899414,0.026443183422088623
1901,-17.530879974365234,0.19753006100654602
1902,-17.138517379760742,0.05478239804506302
1903,-16.929271697998047,0.11200511455535889
1904,-16.92165184020996,0.11303996294736862
1905,-17.124155044555664,0.05347488820552826
1906,-17.129724502563477,0.0809042900800705
1907,-17.269155502319336,0.015136778354644775
1908,-17.22708511352539,0.02536783367395401
1909,-17.405075073242188,0.01642303168773651
1910,-17.70815086364746,0.2758972942829132
1911,-17.393701553344727,0.052874840795993805
1912,-17.243066787719727,0.0635552853345871
1913,-17.23113250732422,0.049284860491752625
1914,-17.21798324584961,0.04113605618476868
1915,-17.245590209960938,0.003892675042152405
1916,-17.41742706298828,0.14628402888774872
1917,-17.372636795043945,0.21681523323059082
1918,-17.388750076293945,0.06690654158592224
1919,-17.262407302856445,0.022963613271713257
1920,-17.324382781982422,0.2395547777414322
1921,-17.3349552154541,0.016745299100875854
1922,-17.184629440307617,0.010483533143997192
1923,-17.243505477905273,0.1171453595161438
1924,-17.281253814697266,0.23254379630088806
1925,-17.280317306518555,0.10842394083738327
1926,-17.190000534057617,0.08499178290367126
1927,-17.665058135986328,0.05902588367462158
1928,-17.483213424682617,0.264786958694458
1929,-17.190570831298828,0.011457875370979309
1930,-17.278459548950195,0.056585438549518585
1931,-17.046831130981445,0.037788860499858856
1932,-17.215925216674805,0.033309295773506165
1933,-17.193130493164062,0.03979972004890442
1934,-16.710689544677734,0.08959439396858215
1935,-17.067441940307617,0.028003767132759094
1936,-17.46839714050293,0.024605438113212585
1937,-17.69312858581543,0.34042590856552124
1938,-17.52387809753418,0.11494974792003632
1939,-17.71595573425293,0.26174837350845337
1940,-17.50444793701172,0.03209017217159271
1941,-17.204317092895508,0.05657082423567772
1942,-17.3099422454834,0.05585464835166931
1943,-17.30194091796875,0.019401073455810547
1944,-17.355670928955078,0.032134003937244415
1945,-17.559289932250977,0.016773946583271027
1946,-17.50025749206543,0.02099405974149704
1947,-17.933597564697266,0.26027756929397583
1948,-17.26137924194336,0.10230111330747604
1949,-17.294464111328125,0.07019785046577454
1950,-17.151416778564453,0.06807959079742432
1951,-17.2502384185791,0.062320295721292496
1952,-17.148588180541992,0.06756432354450226
1953,-17.246017456054688,0.06162051483988762
1954,-16.908666610717773,0.07417920231819153
1955,-16.90302848815918,0.07333151996135712
1956,-16.89815330505371,0.07234753668308258
1957,-16.892993927001953,0.07130661606788635
1958,-17.268388748168945,0.09618805348873138
1959,-17.287269592285156,0.18028387427330017
1960,-16.8682861328125,0.12993478775024414
1961,-16.886686325073242,0.11558158695697784
1962,-17.134401321411133,0.07318000495433807
1963,-17.074262619018555,0.05046830326318741
1964,-17.265687942504883,0.010188862681388855
1965,-17.43642234802246,0.00883522629737854
1966,-17.46937370300293,0.23802395164966583
1967,-17.366296768188477,0.04702825844287872
1968,-17.373741149902344,0.0029495954513549805
1969,-17.20817756652832,0.02876722812652588
1970,-17.241758346557617,0.012450739741325378
1971,-16.906713485717773,0.06556969881057739
1972,-16.791234970092773,0.10118407011032104
1973,-17.194494247436523,0.05107056349515915
1974,-17.06285285949707,0.028529711067676544
1975,-17.229938507080078,0.00912851095199585
1976,-17.6015567779541,0.04326839745044708
1977,-17.649545669555664,0.3140719532966614
1978,-17.1835880279541,0.014129742980003357
1979,-15.158937454223633,0.044309698045253754
1980,-15.103195190429688,0.06015205383300781
1981,-15.103195190429688,0.06015205383300781
1982,-15.62132740020752,0.031928688287734985
1983,-16.140108108520508,0.3656395673751831
1984,-15.147588729858398,0.0411711111664772
1985,-15.147588729858398,0.0411711111664772
1986,-15.515061378479004,0.024926330894231796
1987,-15.738975524902344,0.04437313228845596
1988,-16.076446533203125,0.06288234144449234
1989,-16.0814266204834,0.04862544685602188
1990,-15.760117530822754,0.03475647047162056
1991,-16.223876953125,0.2053554207086563
1992,-16.696863174438477,0.4936944246292114
1993,-15.98515796661377,0.019289642572402954
1994,-16.0965518951416,0.022547326982021332
1995,-15.779874801635742,0.043717533349990845
1996,-15.487817764282227,0.08731827139854431
1997,-15.133210182189941,0.03669163957238197
1998,-15.077512741088867,0.09010172635316849
1999,-15.412033081054688,0.02145451307296753
2000,-15.147588729858398,0.0411711111664772
2001,-15.147588729858398,0.0411711111664772
2002,-15.147588729858398,0.0411711111664772
2003,-15.195050239562988,0.02282542735338211
2004,-15.147588729858398,0.0411711111664772
2005,-15.18986701965332,0.03670811653137207
2006,-15.23290729522705,0.021240513771772385
2007,-15.147588729858398,0.0411711111664772
2008,-15.147588729858398,0.0411711111664772
2009,-15.18986701965332,0.03670811653137207
2010,-15.147588729858398,0.0411711111664772
2011,-15.18986701965332,0.03670811653137207
2012,-15.147588729858398,0.0411711111664772
2013,-15.18986701965332,0.03670811653137207
2014,-15.147588729858398,0.0411711111664772
2015,-15.147588729858398,0.0411711111664772
2016,-15.147588729858398,0.0411711111664772
2017,-15.244766235351562,0.020397741347551346
2018,-15.147588729858398,0.0411711111664772
2019,-15.147588729858398,0.0411711111664772
2020,-15.195050239562988,0.02282542735338211
2021,-15.147588729858398,0.0411711111664772
2022,-15.147588729858398,0.0411711111664772
2023,-15.195050239562988,0.02282542735338211
2024,-15.18986701965332,0.03670811653137207
2025,-15.147588729858398,0.0411711111664772
2026,-15.18986701965332,0.03670811653137207
2027,-15.147588729858398,0.0411711111664772
2028,-15.147588729858398,0.0411711111664772
2029,-17.113967895507812,0.00858382135629654
2030,-17.17635154724121,0.0751759484410286
2031,-16.996238708496094,0.12680086493492126
2032,-17.041431427001953,0.17309290170669556
2033,-16.9647274017334,0.11633335053920746
2034,-16.9695987701416,0.10594859719276428
2035,-16.986831665039062,0.12115313857793808
2036,-16.966190338134766,0.1108681708574295
2037,-16.9504451751709,0.10251819342374802
2038,-16.949180603027344,0.10317887365818024
2039,-16.933815002441406,0.11848106980323792
2040,-16.947071075439453,0.10548017919063568
2041,-16.94491195678711,0.1071033850312233
2042,-16.941396713256836,0.10848850011825562
2043,-17.1098575592041,0.051935382187366486
2044,-17.053577423095703,0.06380525231361389
2045,-17.24757194519043,0.024765536189079285
2046,-16.92995262145996,0.10862985998392105
2047,-16.90055274963379,0.11776570975780487
2048,-16.879337310791016,0.12474597990512848
2049,-17.126882553100586,0.0409466028213501
2050,-17.083385467529297,0.0705074891448021
2051,-17.066869735717773,0.04819052666425705
2052,-17.049278259277344,0.04769477620720863
2053,-17.2820987701416,0.028712928295135498
2054,-17.03372573852539,0.08246637135744095
2055,-17.0372257232666,0.04495611414313316
2056,-17.03033447265625,0.04522809013724327
2057,-17.02309799194336,0.08259232342243195
2058,-17.224205017089844,0.02352086454629898
2059,-17.239906311035156,0.027172334492206573
2060,-17.434181213378906,0.2002144306898117
2061,-17.19085693359375,0.009194791316986084
2062,-17.118955612182617,0.07146070152521133
2063,-16.78369903564453,0.13109973073005676
2064,-16.759511947631836,0.09136427938938141
2065,-16.777175903320312,0.14406393468379974
2066,-17.470703125,0.019359365105628967
2067,-17.642351150512695,0.21815218031406403
2068,-17.28926658630371,0.025298278778791428
2069,-17.110429763793945,0.00372469425201416
2070,-17.10526466369629,0.037866875529289246
2071,-16.969411849975586,0.1378455013036728
2072,-17.15943145751953,0.07573774456977844
2073,-17.253305435180664,0.020046480000019073
2074,-17.17400550842285,0.043574992567300797
2075,-17.434764862060547,0.015604257583618164
2076,-17.71330451965332,0.21769201755523682
2077,-17.28347396850586,0.059826627373695374
2078,-17.11626434326172,0.08032934367656708
2079,-16.942182540893555,0.11012031137943268
2080,-16.899330139160156,0.06668354570865631
2081,-16.902969360351562,0.07331961393356323
2082,-16.927671432495117,0.08881111443042755
2083,-16.89358901977539,0.07142655551433563
2084,-16.887470245361328,0.07054673135280609
2085,-16.888565063476562,0.05983090028166771
2086,-16.873228073120117,0.06859259307384491
2087,-16.8649845123291,0.06766834855079651
2088,-16.863208770751953,0.07265203446149826
2089,-16.84696388244629,0.06596186757087708
2090,-17.169713973999023,0.04318712651729584
2091,-17.327157974243164,0.19921007752418518
2092,-17.080873489379883,0.15876953303813934
2093,-16.83576202392578,0.13714107871055603
2094,-16.845455169677734,0.10985498875379562
2095,-16.836502075195312,0.10853929817676544
2096,-16.826467514038086,0.10722633451223373
2097,-16.817062377929688,0.1059957817196846
2098,-16.806699752807617,0.10452704131603241
2099,-16.79677391052246,0.10304360091686249
2100,-16.799816131591797,0.1326446384191513
2101,-16.774988174438477,0.09316733479499817
2102,-16.783666610717773,0.14175105094909668
2103,-16.715999603271484,0.11859004199504852
2104,-16.701223373413086,0.11700858175754547
2105,-16.76103401184082,0.14712560176849365
2106,-17.032054901123047,0.16074836254119873
2107,-16.98356819152832,0.1283760517835617
2108,-17.582956314086914,0.2242903709411621
2109,-17.082834243774414,0.013024665415287018
2110,-17.07352066040039,0.02864934876561165
2111,-17.032928466796875,0.034204233437776566
2112,-17.349306106567383,0.08339133858680725
2113,-17.48261260986328,0.2136504054069519
2114,-16.968605041503906,0.10980086773633957
2115,-16.96430015563965,0.09868661314249039
2116,-17.154783248901367,0.06809227168560028
2117,-17.074018478393555,0.049192238599061966
2118,-17.006370544433594,0.07425007224082947
2119,-16.973325729370117,0.12059848010540009
2120,-16.93792724609375,0.10317227244377136
2121,-17.20209503173828,0.02891584485769272
2122,-16.936315536499023,0.13777509331703186
2123,-16.925243377685547,0.14191403985023499
2124,-16.906871795654297,0.11802918463945389
2125,-17.118785858154297,0.060014933347702026
2126,-16.895915985107422,0.12572486698627472
2127,-17.12428092956543,0.041634395718574524
2128,-17.60958480834961,0.0412362739443779
2129,-17.88241195678711,0.2604244351387024
2130,-17.4250545501709,0.04258105158805847
2131,-17.125612258911133,0.07463114708662033
2132,-16.88861846923828,0.05828249081969261
2133,-16.86276626586914,0.067464679479599
2134,-16.85403060913086,0.06666231155395508
2135,-17.324113845825195,0.0809144526720047
2136,-17.32765769958496,0.1978105902671814
2137,-16.853961944580078,0.1346305012702942
2138,-16.848936080932617,0.13532398641109467
2139,-16.858848571777344,0.1129559651017189
2140,-16.8359375,0.12601704895496368
2141,-16.850675582885742,0.11106359958648682
2142,-16.846294403076172,0.11004942655563354
2143,-17.089746475219727,0.03230518102645874
2144,-17.04676628112793,0.04819304496049881
2145,-17.2369441986084,0.009533897042274475
2146,-16.973554611206055,0.07174453139305115
2147,-17.164030075073242,0.032659947872161865
2148,-17.369384765625,0.01578749716281891
2149,-17.416099548339844,0.22355251014232635
2150,-16.792156219482422,0.061349738389253616
2151,-16.789825439453125,0.0601716972887516
2152,-16.835372924804688,0.011037342250347137
2153,-16.78622055053711,0.05269360914826393
2154,-16.782264709472656,0.05202426388859749
2155,-16.786785125732422,0.02199927717447281
2156,-17.139610290527344,0.1036088615655899
2157,-17.512338638305664,0.28372055292129517
2158,-17.468856811523438,0.1003921777009964
2159,-16.98752784729004,0.14982955157756805
2160,-16.72543716430664,0.08974882960319519
2161,-16.76999282836914,0.145731583237648
2162,-16.736764907836914,0.1262907087802887
2163,-16.71345329284668,0.08961766958236694
2164,-16.832204818725586,0.15265274047851562
2165,-16.722665786743164,0.1240607351064682
2166,-17.010906219482422,0.13275444507598877
2167,-17.292327880859375,0.02933502197265625
2168,-17.298694610595703,0.018241308629512787
2169,-17.279796600341797,0.06352274119853973
2170,-17.370723724365234,0.02609330415725708
2171,-17.305269241333008,0.032282352447509766
2172,-17.529273986816406,0.015976808965206146
2173,-17.496105194091797,0.01982753723859787
2174,-17.94012451171875,0.2552856206893921
2175,-17.45679473876953,0.07887349277734756
2176,-17.2740421295166,0.07807883620262146
2177,-17.117185592651367,0.08216992020606995
2178,-16.976707458496094,0.0906786397099495
2179,-16.929819107055664,0.07468079030513763
2180,-16.92740821838379,0.07444201409816742
2181,-16.924833297729492,0.07413450628519058
2182,-16.955820083618164,0.0932978019118309
2183,-16.902250289916992,0.06820271909236908
2184,-16.90923500061035,0.07417775690555573
2185,-16.904909133911133,0.07371100783348083
2186,-17.47154998779297,0.1290595531463623
2187,-17.52574348449707,0.24155405163764954
2188,-17.203975677490234,0.1560124158859253
2189,-16.91592025756836,0.11381857842206955
2190,-16.89460563659668,0.1303551346063614
2191,-16.905536651611328,0.11519601196050644
2192,-16.88100242614746,0.13170263171195984
2193,-16.89297103881836,0.11648454517126083
2194,-17.11164093017578,0.050510652363300323
2195,-17.49101448059082,0.0073206424713134766
2196,-17.735004425048828,0.3044147491455078
2197,-17.109561920166016,0.06316286325454712
2198,-17.06776237487793,0.04508180916309357
2199,-17.169788360595703,0.032319746911525726
2200,-16.827733993530273,0.062499579042196274
2201,-16.823802947998047,0.061940278857946396
2202,-17.247737884521484,0.09917378425598145
2203,-17.548738479614258,0.27726563811302185
2204,-17.53314971923828,0.1646592617034912
2205,-17.495595932006836,0.07892602682113647
2206,-17.41278839111328,0.05721532553434372
2207,-17.3895263671875,0.029690921306610107
2208,-17.849632263183594,0.27229049801826477
2209,-18.02882194519043,0.1964341253042221
2210,-17.734708786010742,0.30822330713272095
2211,-17.183265686035156,0.1776275634765625
2212,-16.78252410888672,0.14216482639312744
2213,-17.073162078857422,0.022331461310386658
2214,-17.23377227783203,0.009447768330574036
2215,-17.691158294677734,0.3357657790184021
2216,-17.319860458374023,0.01189565658569336
2217,-16.768009185791016,0.049677055329084396
2218,-16.778600692749023,0.051519621163606644
2219,-17.267608642578125,0.13576164841651917
2220,-18.085315704345703,0.3228667974472046
2221,-17.21607780456543,0.10110568255186081
2222,-17.142648696899414,0.07365521788597107
2223,-17.011613845825195,0.12818172574043274
2224,-16.93537712097168,0.1147320419549942
2225,-16.98361587524414,0.12866204977035522
2226,-16.982206344604492,0.1225009560585022
2227,-16.987642288208008,0.1264720857143402
2228,-17.03773307800293,0.17218437790870667
2229,-16.958656311035156,0.10091666877269745
2230,-17.154191970825195,0.04814211279153824
2231,-17.316017150878906,0.018062099814414978
2232,-17.47384262084961,0.020935222506523132
2233,-17.944149017333984,0.295163631439209
2234,-17.15325927734375,0.05662553757429123
2235,-17.149921417236328,0.06761417537927628
2236,-16.957889556884766,0.09299852699041367
2237,-16.91636085510254,0.07415799796581268
2238,-16.91141700744629,0.07417154312133789
2239,-16.917156219482422,0.0873604267835617
2240,-16.902711868286133,0.07326750457286835
2241,-16.89893913269043,0.0725061297416687
2242,-16.895078659057617,0.07172711193561554
2243,-16.89116859436035,0.07098935544490814
2244,-16.89765167236328,0.08650553971529007
2245,-16.888566970825195,0.059727538377046585
2246,-16.873329162597656,0.06861008703708649
2247,-16.888935089111328,0.05770821496844292
2248,-16.85901641845703,0.06712014973163605
2249,-16.85117530822754,0.06639616191387177
2250,-16.89371681213379,0.048731014132499695
2251,-16.841035842895508,0.0652426928281784
2252,-16.84623146057129,0.07580340653657913
2253,-16.832962036132812,0.06360185146331787
2254,-16.828792572021484,0.06269817054271698
2255,-16.869365692138672,0.033536769449710846
2256,-17.249834060668945,0.09844280779361725
2257,-17.322465896606445,0.2109677791595459
2258,-16.831809997558594,0.10792537033557892
2259,-16.843576431274414,0.13730226457118988
2260,-16.81617546081543,0.10587962716817856
2261,-16.809350967407227,0.13413512706756592
2262,-17.091678619384766,0.03165385127067566
2263,-17.253826141357422,0.01797880232334137
2264,-18.118457794189453,0.42352256178855896
2265,-17.058664321899414,0.020060673356056213
2266,-16.786283493041992,0.05270726606249809
2267,-16.78374481201172,0.05624258145689964
2268,-16.777563095092773,0.05157293751835823
2269,-16.773813247680664,0.05093858763575554
2270,-16.779438018798828,0.05228715017437935
2271,-15.464926719665527,0.038045573979616165
2272,-15.917651176452637,0.07534423470497131
2273,-16.07903480529785,0.04174866899847984
2274,-16.29450798034668,0.011035114526748657
2275,-17.038806915283203,0.14269134402275085
2276,-16.30974769592285,0.07650259137153625
2277,-16.28097152709961,0.11896400153636932
2278,-15.980794906616211,0.3027942180633545
2279,-17.082834243774414,0.013024665415287018
2280,-17.08067512512207,0.012920275330543518
2281,-17.061859130859375,0.02228163182735443
2282,-17.082834243774414,0.013024665415287018
2283,-17.293407440185547,0.041292883455753326
2284,-17.75397300720215,0.306262344121933
2285,-17.23348045349121,0.14254775643348694
2286,-16.960773468017578,0.11556187272071838
2287,-16.97310447692871,0.13449719548225403
2288,-16.960386276245117,0.1006404384970665
2289,-16.95403480529785,0.10154250264167786
2290,-16.95230484008789,0.11417106539011002
2291,-16.94895362854004,0.10329630225896835
2292,-16.947677612304688,0.1042596846818924
2293,-17.289724349975586,0.02066950500011444
2294,-17.290781021118164,0.039030298590660095
2295,-17.44558334350586,0.018776558339595795
2296,-18.26767349243164,0.300514280796051
2297,-17.447816848754883,0.04286815598607063
2298,-17.27155303955078,0.025164302438497543
2299,-17.006364822387695,0.02969059720635414
2300,-17.023754119873047,0.05169462412595749
2301,-16.991153717041016,0.06458161771297455
2302,-17.401893615722656,0.0643809586763382
2303,-17.434410095214844,0.2256259024143219
2304,-17.28607177734375,0.11764810234308243
2305,-17.001890182495117,0.1266256421804428
2306,-17.277786254882812,0.07686332613229752
2307,-17.150665283203125,0.07702996581792831
2308,-17.116601943969727,0.053521718829870224
2309,-17.064233779907227,0.050092700868844986
2310,-17.24753761291504,0.0195925310254097
2311,-17.452354431152344,0.021222472190856934
2312,-17.76376724243164,0.24889639019966125
2313,-17.172225952148438,0.05175771564245224
2314,-17.15082550048828,0.06804479658603668
2315,-17.149953842163086,0.06789209693670273
2316,-17.381948471069336,0.06214992702007294
2317,-17.601497650146484,0.24577602744102478
2318,-16.9418888092041,0.10832525044679642
2319,-16.938678741455078,0.10945358872413635
2320,-17.28769302368164,0.021435067057609558
2321,-17.31000328063965,0.016665220260620117
2322,-17.075851440429688,0.05785974860191345
2323,-17.471078872680664,0.03570207953453064
2324,-17.90974998474121,0.3270680904388428
2325,-17.58318519592285,0.0901014506816864
2326,-17.571090698242188,0.19823956489562988
2327,-17.302509307861328,0.01578681170940399
2328,-17.15009117126465,0.07571996748447418
2329,-16.861251831054688,0.1336367279291153
2330,-16.855728149414062,0.13438692688941956
2331,-17.117074966430664,0.05084860324859619
2332,-17.307193756103516,0.03548835217952728
2333,-17.296293258666992,0.011154145002365112
2334,-17.265790939331055,0.02864551544189453
2335,-17.846967697143555,0.13715697824954987
2336,-18.093650817871094,0.4017466902732849
2337,-17.375242233276367,0.04492778331041336
2338,-17.22964096069336,0.04549936205148697
2339,-17.216480255126953,0.03187984228134155
2340,-17.312461853027344,0.027160879224538803
2341,-17.258121490478516,0.021701432764530182
2342,-17.25764274597168,0.01847226917743683
2343,-17.017484664916992,0.03741711005568504
2344,-17.027563095092773,0.045730672776699066
2345,-17.00301170349121,0.06021939218044281
2346,-16.987918853759766,0.06898056715726852
2347,-16.95700454711914,0.07561028748750687
2348,-16.967172622680664,0.0676131546497345
2349,-16.932056427001953,0.07456965744495392
2350,-16.928302764892578,0.07455320656299591
2351,-16.923460006713867,0.07413832098245621
2352,-16.91541862487793,0.07416053861379623
2353,-16.9075870513916,0.07418224960565567
2354,-17.274702072143555,0.06287914514541626
2355,-17.54103660583496,0.24684348702430725
2356,-17.180862426757812,0.15201468765735626
2357,-17.17730712890625,0.15403889119625092
2358,-16.88051414489746,0.13175104558467865
2359,-16.889116287231445,0.11600630730390549
2360,-17.108182907104492,0.04960140585899353
2361,-17.294565200805664,0.012293592095375061
2362,-17.047517776489258,0.05704885721206665
2363,-17.00599479675293,0.09199286997318268
2364,-16.963260650634766,0.10034770518541336
2365,-17.61850929260254,0.09769110381603241
2366,-17.666419982910156,0.29295092821121216
2367,-17.226848602294922,0.03519289940595627
2368,-17.053892135620117,0.02552342414855957
2369,-16.789304733276367,0.031341008841991425
2370,-16.791959762573242,0.05395817384123802
2371,-16.785310745239258,0.05249296501278877
2372,-16.778759002685547,0.05168772116303444
2373,-16.786670684814453,0.02077125757932663
2374,-17.660978317260742,0.21270227432250977
2375,-17.550926208496094,0.31817954778671265
2376,-17.127470016479492,0.1648150086402893
2377,-16.70058822631836,0.08950944244861603
2378,-17.24061393737793,0.01036505401134491
2379,-17.46280860900879,0.2777103781700134
2380,-17.395397186279297,0.12787915766239166
2381,-17.26140785217285,0.24342404305934906
2382,-16.6912899017334,0.08943131566047668
2383,-17.037334442138672,0.12350760400295258
2384,-17.009946823120117,0.1341293603181839
2385,-17.00780487060547,0.12756305932998657
2386,-17.563987731933594,0.010530248284339905
2387,-17.59136199951172,0.013894684612751007
2388,-17.53067398071289,0.015395939350128174
2389,-17.42215347290039,0.02108065038919449
2390,-17.646953582763672,0.1988081932067871
2391,-17.27471351623535,0.08059608191251755
2392,-17.251476287841797,0.07568393647670746
2393,-17.257709503173828,0.18346434831619263
2394,-16.95144271850586,0.11632887274026871
2395,-16.944034576416016,0.10753163695335388
2396,-17.312984466552734,0.04093043506145477
2397,-17.304039001464844,0.01635424792766571
2398,-17.047937393188477,0.06554540991783142
2399,-17.253305435180664,0.048022665083408356
2400,-17.41935920715332,0.014398112893104553
2401,-17.188188552856445,0.03591667860746384
2402,-17.127532958984375,0.06461125612258911
2403,-17.124826431274414,0.041982799768447876
2404,-17.083526611328125,0.07095737755298615
2405,-17.072509765625,0.07414479553699493
2406,-17.354951858520508,0.007809795439243317
2407,-17.300691604614258,0.027197949588298798
2408,-17.277856826782227,0.03021855652332306
2409,-17.570682525634766,0.0428980216383934
2410,-17.830476760864258,0.28212302923202515
2411,-17.345964431762695,0.011973321437835693
2412,-17.31955337524414,0.13642330467700958
2413,-17.059473037719727,0.031394943594932556
2414,-17.084033966064453,0.027491897344589233
2415,-17.081626892089844,0.02623206377029419
2416,-17.24009895324707,0.012115076184272766
2417,-17.674169540405273,0.3053199052810669
2418,-17.039146423339844,0.013082876801490784
2419,-17.158735275268555,0.11405904591083527
2420,-17.269258499145508,0.23223111033439636
2421,-15.077512741088867,0.09010172635316849
2422,-15.198488235473633,0.06718870252370834
2423,-15.497849464416504,0.03642008453607559
2424,-15.977851867675781,0.30164486169815063
2425,-15.515411376953125,0.005851119756698608
2426,-15.497827529907227,0.010392658412456512
2427,-17.082834243774414,0.013024665415287018
2428,-17.17725372314453,0.005484201014041901
2429,-17.50180435180664,0.14856193959712982
2430,-17.118335723876953,0.0538366362452507
2431,-17.345979690551758,0.02522500604391098
2432,-17.497173309326172,0.021848350763320923
2433,-17.757286071777344,0.23380765318870544
2434,-17.40713119506836,0.08579203486442566
2435,-17.268983840942383,0.0849907398223877
2436,-17.133033752441406,0.07969402521848679
2437,-16.926803588867188,0.06821970641613007
2438,-16.919845581054688,0.06775282323360443
2439,-16.960094451904297,0.09267984330654144
2440,-16.9036865234375,0.06868109107017517
2441,-17.456941604614258,0.1115252822637558
2442,-17.55035400390625,0.25077322125434875
2443,-17.18705940246582,0.14507153630256653
2444,-17.134761810302734,0.13507674634456635
2445,-17.112346649169922,0.051765382289886475
2446,-17.297731399536133,0.015124127268791199
2447,-17.23948097229004,0.02412416785955429
2448,-17.20887565612793,0.034419089555740356
2449,-17.60603904724121,0.059868380427360535
2450,-17.927648544311523,0.30968958139419556
2451,-17.598474502563477,0.05794355645775795
2452,-17.58455467224121,0.07686811685562134
2453,-17.429903030395508,0.03999511897563934
2454,-17.501968383789062,0.2433149814605713
2455,-17.17750358581543,0.1863557994365692
2456,-16.847583770751953,0.11034809052944183
2457,-17.27834701538086,0.020269736647605896
2458,-17.074556350708008,0.07142100483179092
2459,-17.237979888916016,0.010528221726417542
2460,-17.895051956176758,0.36515939235687256
2461,-17.371929168701172,0.032119184732437134
2462,-17.218669891357422,0.027208521962165833
2463,-17.40358543395996,0.0065610408782958984
2464,-17.448928833007812,0.17963525652885437
2465,-17.44258689880371,0.06022019684314728
2466,-17.71516227722168,0.32934436202049255
2467,-16.823081970214844,0.01018555462360382
2468,-16.780101776123047,0.05289850011467934
2469,-16.77115821838379,0.05027596279978752
2470,-17.529067993164062,0.18504585325717926
2471,-17.529111862182617,0.3016068935394287
2472,-17.024394989013672,0.14683644473552704
2473,-17.264019012451172,0.011749863624572754
2474,-17.497718811035156,0.2946205139160156
2475,-17.026582717895508,0.00760573148727417
2476,-17.165496826171875,0.12271435558795929
2477,-17.657386779785156,0.28185611963272095
2478,-17.003633499145508,0.1349296271800995
2479,-16.96212387084961,0.1321859508752823
2480,-17.33563232421875,0.03246554732322693
2481,-17.427013397216797,0.01671081781387329
2482,-17.319210052490234,0.03086269646883011
2483,-17.910797119140625,0.06073615700006485
2484,-18.132707595825195,0.280400812625885
2485,-17.273515701293945,0.0879243016242981
2486,-17.235307693481445,0.06918530911207199
2487,-17.243934631347656,0.06418873369693756
2488,-17.00037956237793,0.06322583556175232
2489,-16.97202491760254,0.09095555543899536
2490,-17.27121353149414,0.05684611201286316
2491,-17.77433967590332,0.2937418520450592
2492,-17.367399215698242,0.07613774389028549
2493,-17.387109756469727,0.11342444270849228
2494,-17.297250747680664,0.037481293082237244
2495,-17.473546981811523,0.028932318091392517
2496,-17.89402198791504,0.30008918046951294
2497,-17.597320556640625,0.08705084770917892
2498,-17.40420150756836,0.06907467544078827
2499,-17.12757682800293,0.07006236910820007
2500,-16.869272232055664,0.06806215643882751
2501,-17.285219192504883,0.07640385627746582
2502,-17.46993064880371,0.18453973531723022
2503,-17.09547233581543,0.043950676918029785
2504,-17.072065353393555,0.05004790425300598
2505,-17.048847198486328,0.05635813623666763
2506,-17.22690200805664,0.016410604119300842
2507,-17.610301971435547,0.08612748980522156
2508,-18.073163986206055,0.37381958961486816
2509,-17.720842361450195,0.10377994924783707
2510,-17.37126922607422,0.04420865327119827
2511,-17.048362731933594,0.027989506721496582
2512,-17.221120834350586,0.11300277709960938
2513,-17.30219078063965,0.22461843490600586
2514,-16.794546127319336,0.1378145068883896
2515,-16.77509117126465,0.09319902956485748
2516,-17.082584381103516,0.029035836458206177
2517,-17.275480270385742,0.023838117718696594
2518,-17.23082733154297,0.00863523781299591
2519,-17.384578704833984,0.025842085480690002
2520,-17.645679473876953,0.3163115382194519
2521,-15.995418548583984,0.015033748000860214
2522,-15.486308097839355,0.08716097474098206
2523,-15.103195190429688,0.06015205383300781
2524,-15.158937454223633,0.044309698045253754
2525,-15.133210182189941,0.03669163957238197
2526,-15.077512741088867,0.09010172635316849
2527,-15.077512741088867,0.09010172635316849
2528,-15.614648818969727,0.02722388505935669
2529,-15.863141059875488,0.13410867750644684
2530,-16.402456283569336,0.4232543706893921
2531,-17.366565704345703,0.04968944936990738
2532,-17.073162078857422,0.028696659952402115
2533,-17.03575897216797,0.03403759375214577
2534,-17.34078598022461,0.08826658129692078
2535,-17.498432159423828,0.2167101502418518
2536,-16.966983795166016,0.11369132250547409
2537,-16.977684020996094,0.1302691400051117
2538,-17.2711238861084,0.018633991479873657
2539,-17.297080993652344,0.029282093048095703
2540,-17.473587036132812,0.01956113427877426
2541,-17.764541625976562,0.25199466943740845
2542,-17.5385684967041,0.07739125192165375
2543,-17.320852279663086,0.03228985518217087
2544,-17.274906158447266,0.06068345159292221
2545,-17.111623764038086,0.004598654806613922
2546,-17.11796760559082,0.0394563302397728
2547,-16.968746185302734,0.10924672335386276
2548,-16.982563018798828,0.1254509836435318
2549,-17.27472686767578,0.018243655562400818
2550,-17.141929626464844,0.07354764640331268
2551,-17.080984115600586,0.05121732875704765
2552,-17.47050666809082,0.013762414455413818
2553,-17.467397689819336,0.017890147864818573
2554,-17.956573486328125,0.29144880175590515
2555,-17.4844970703125,0.04048355668783188
2556,-17.4414119720459,0.06573419272899628
2557,-17.456764221191406,0.013909786939620972
2558,-17.43401336669922,0.18957242369651794
2559,-17.2879695892334,0.02126637101173401
2560,-17.095680236816406,0.0515933483839035
2561,-17.292200088500977,0.014768525958061218
2562,-17.249908447265625,0.020615726709365845
2563,-17.21190071105957,0.05754709243774414
2564,-17.60862159729004,0.06384541094303131
2565,-17.91286277770996,0.31557464599609375
2566,-17.584476470947266,0.0796678215265274
2567,-17.249658584594727,0.06618498265743256
2568,-17.367748260498047,0.020170308649539948
2569,-17.216501235961914,0.04348120838403702
2570,-17.265127182006836,0.06158831715583801
2571,-17.67672348022461,0.2654099762439728
2572,-17.280759811401367,0.11398255825042725
2573,-16.819833755493164,0.13369084894657135
2574,-17.10196304321289,0.06411689519882202
2575,-17.271072387695312,0.017865881323814392
2576,-17.92140007019043,0.3835816979408264
2577,-17.216611862182617,0.01783837378025055
2578,-17.204368591308594,0.011638715863227844
2579,-17.23299217224121,0.035105496644973755
2580,-17.38435173034668,0.22377753257751465
2581,-16.72998046875,0.0899689644575119
2582,-17.19515037536621,0.03947471082210541
2583,-17.037057876586914,0.06769128143787384
2584,-17.016277313232422,0.07306629419326782
2585,-17.429439544677734,0.05070483684539795
2586,-17.66099739074707,0.32449883222579956
2587,-17.18185806274414,0.012223288416862488
2588,-17.45334815979004,0.055467359721660614
2589,-17.23674964904785,0.02483515441417694
2590,-17.31614875793457,0.1181272491812706
2591,-17.050033569335938,0.11568000912666321
2592,-17.320838928222656,0.026219047605991364
2593,-17.37123680114746,0.026872508227825165
2594,-17.57624053955078,0.018083296716213226
2595,-17.874853134155273,0.24220193922519684
2596,-17.40079116821289,0.04368434473872185
2597,-17.225830078125,0.045076485723257065
2598,-17.418277740478516,0.07414610683917999
2599,-17.42222785949707,0.1624484658241272
2600,-16.953401565551758,0.10167048871517181
2601,-17.15272331237793,0.05005995184183121
2602,-17.308177947998047,0.019007816910743713
2603,-17.47928810119629,0.023864254355430603
2604,-17.754226684570312,0.26949673891067505
2605,-17.289194107055664,0.05123165249824524
2606,-17.136680603027344,0.07016584277153015
2607,-17.130931854248047,0.06653153896331787
2608,-17.334877014160156,0.05000317096710205
2609,-17.904932022094727,0.31165993213653564
2610,-17.19244956970215,0.15347367525100708
2611,-17.124860763549805,0.05363976210355759
2612,-17.619489669799805,0.039615556597709656
2613,-17.55124282836914,0.25305330753326416
2614,-17.11614990234375,0.06468655169010162
2615,-17.28307342529297,0.08082622289657593
2616,-17.31716537475586,0.19356873631477356
2617,-17.244966506958008,0.16858962178230286
2618,-17.115434646606445,0.05025704205036163
2619,-17.470718383789062,0.017582431435585022
2620,-17.732593536376953,0.3193296194076538
2621,-17.204904556274414,0.03571438044309616
2622,-17.395803451538086,0.09540878236293793
2623,-17.369260787963867,0.21526050567626953
2624,-16.798786163330078,0.12502062320709229
2625,-16.808677673339844,0.1342085301876068
2626,-17.29075813293457,0.009446889162063599
2627,-17.449174880981445,0.022434428334236145
2628,-17.888763427734375,0.37126898765563965
2629,-17.39834213256836,0.014151319861412048
2630,-17.285253524780273,0.054830193519592285
2631,-17.454660415649414,0.05333486199378967
2632,-17.70391082763672,0.2815028429031372
2633,-17.73370933532715,0.2047647386789322
2634,-16.34083366394043,0.014577694237232208
2635,-16.549924850463867,0.07324610650539398
2636,-16.688247680664062,0.0479087233543396
2637,-16.04832649230957,0.0192393958568573
2638,-16.14236831665039,0.3666050434112549
2639,-15.493099212646484,0.009985838085412979
2640,-15.379265785217285,0.028757164254784584
2641,-15.464926719665527,0.038045573979616165
2642,-15.699207305908203,0.03196544200181961
2643,-15.765780448913574,0.07682839035987854
2644,-15.880448341369629,0.08783656358718872
2645,-16.29450798034668,0.011035114526748657
2646,-16.376235961914062,0.02517346292734146
2647,-16.848480224609375,0.04632695019245148
2648,-16.93600082397461,0.34291189908981323
2649,-15.850714683532715,0.06889811158180237
2650,-15.103195190429688,0.06015205383300781
2651,-15.414505004882812,0.07580479979515076
2652,-15.834606170654297,0.10101728141307831
2653,-16.000810623168945,0.0325160026550293
2654,-16.204814910888672,0.2701237201690674
2655,-15.147588729858398,0.0411711111664772
2656,-15.195050239562988,0.02282542735338211
2657,-15.18986701965332,0.03670811653137207
2658,-15.445642471313477,0.04309140145778656
2659,-15.698347091674805,0.011899270117282867
2660,-15.887038230895996,0.0952802523970604
2661,-16.30299949645996,0.04134085401892662
2662,-17.001697540283203,0.11073964834213257
2663,-16.38534164428711,0.04075805842876434
2664,-16.665388107299805,0.03383825719356537
2665,-16.912904739379883,0.4116094708442688
2666,-15.65498161315918,0.024477578699588776
2667,-15.797863006591797,0.03783456236124039
2668,-15.599830627441406,0.09011982381343842
2669,-15.944371223449707,0.06891810148954391
2670,-16.222084045410156,0.11722193658351898
2671,-16.830127716064453,0.43403297662734985
2672,-15.401139259338379,0.026660136878490448
2673,-15.195050239562988,0.02282542735338211
2674,-15.23290729522705,0.021240513771772385
2675,-15.147588729858398,0.0411711111664772
2676,-15.402254104614258,0.05444454401731491
2677,-15.691207885742188,0.002584420144557953
2678,-16.07331085205078,0.08944633603096008
2679,-16.504243850708008,0.006309323012828827
2680,-17.300331115722656,0.12426091730594635
2681,-16.959421157836914,0.013551026582717896
2682,-17.03935432434082,0.34066903591156006
2683,-15.90517520904541,0.08383705466985703
2684,-15.323704719543457,0.08599454909563065
2685,-17.64544105529785,0.10564685612916946
2686,-17.657655715942383,0.00785517692565918
2687,-17.62729263305664,0.010015733540058136
2688,-17.647192001342773,0.028902322053909302
2689,-18.067363739013672,0.2659297585487366
2690,-17.841167449951172,0.01534164696931839
2691,-18.264745712280273,0.23100310564041138
2692,-17.518299102783203,0.018114760518074036
2693,-18.03615379333496,0.2269050031900406
2694,-18.176942825317383,0.15784303843975067
2695,-17.54977035522461,0.14951828122138977
2696,-17.200742721557617,0.08262275904417038
2697,-16.9608097076416,0.1123923510313034
2698,-17.250032424926758,0.11913581192493439
2699,-16.947280883789062,0.10474230349063873
2700,-16.94912338256836,0.11735277622938156
2701,-17.084163665771484,0.14764566719532013
2702,-17.36862564086914,0.019369468092918396
2703,-17.36191749572754,0.03311280906200409
2704,-17.547138214111328,0.01574789732694626
2705,-18.350055694580078,0.3452213406562805
2706,-17.631866455078125,0.055286210030317307
2707,-17.30099868774414,0.06675384938716888
2708,-17.44599151611328,0.005163133144378662
2709,-17.570615768432617,0.08305878937244415
2710,-17.90047836303711,0.2989911437034607
2711,-17.379289627075195,0.06667466461658478
2712,-17.258281707763672,0.08915288746356964
2713,-17.11213493347168,0.05245561897754669
2714,-17.677114486694336,0.057339251041412354
2715,-17.751583099365234,0.24951380491256714
2716,-17.415315628051758,0.06950977444648743
2717,-17.426923751831055,0.02411012351512909
2718,-17.60685920715332,0.24441057443618774
2719,-17.467435836791992,0.1435551941394806
2720,-17.286623001098633,0.11251931637525558
2721,-17.647809982299805,0.029020041227340698
2722,-17.55875015258789,0.25392407178878784
2723,-17.226367950439453,0.05792522802948952
2724,-17.272790908813477,0.036048248410224915
2725,-17.33108139038086,0.19755986332893372
2726,-17.20572280883789,0.07593543082475662
2727,-17.013681411743164,0.13208401203155518
2728,-17.291776657104492,0.08126647770404816
2729,-17.35733413696289,0.030155576765537262
2730,-17.70087242126465,0.02535368502140045
2731,-18.26898193359375,0.3391144871711731
2732,-17.390209197998047,0.0909506306052208
2733,-17.423490524291992,0.013057522475719452
2734,-17.556058883666992,0.20829936861991882
2735,-17.15210723876953,0.050941288471221924
2736,-16.948266983032227,0.10365506261587143
2737,-17.281620025634766,0.020999327301979065
2738,-17.309377670288086,0.01819576323032379
2739,-17.461177825927734,0.02193489670753479
2740,-18.282617568969727,0.4025953412055969
2741,-17.433706283569336,0.06961715221405029
2742,-17.277677536010742,0.07339408993721008
2743,-17.35742950439453,0.05796008184552193
2744,-17.29408073425293,0.05877909064292908
2745,-17.756284713745117,0.26693594455718994
2746,-17.59459114074707,0.04153669625520706
2747,-17.593564987182617,0.015869691967964172
2748,-17.752246856689453,0.02519907057285309
2749,-18.08321762084961,0.3750079274177551
2750,-17.578088760375977,0.08985918760299683
2751,-17.65534210205078,0.09470267593860626
2752,-17.55666160583496,0.20217007398605347
2753,-17.17045021057129,0.11301922798156738
2754,-17.12562370300293,0.16915307939052582
2755,-17.199708938598633,0.14724388718605042
2756,-17.072532653808594,0.08028161525726318
2757,-17.48213768005371,0.032798439264297485
2758,-18.100576400756836,0.4152037501335144
2759,-17.382740020751953,0.00806620717048645
2760,-17.312604904174805,0.06927958875894547
2761,-16.7557315826416,0.12269647419452667
2762,-16.775962829589844,0.09358744323253632
2763,-16.85047149658203,0.1517048180103302
2764,-17.05257225036621,0.053094252943992615
2765,-17.47698402404785,0.024855807423591614
2766,-18.248538970947266,0.4162130057811737
2767,-17.357988357543945,0.017655909061431885
2768,-17.48414421081543,0.11317403614521027
2769,-17.642168045043945,0.15365293622016907
2770,-17.364070892333984,0.03180456906557083
2771,-17.28319549560547,0.014387175440788269
2772,-17.281463623046875,0.03046853095293045
2773,-17.27910041809082,0.00774809718132019
2774,-17.249786376953125,0.01526576280593872
2775,-17.915498733520508,0.3902372121810913
2776,-17.53678321838379,0.015556171536445618
2777,-17.231660842895508,0.04128916561603546
2778,-17.142807006835938,0.16989964246749878
2779,-17.01629638671875,0.14933538436889648
2780,-16.70071792602539,0.1169481873512268
2781,-17.00513458251953,0.06528863310813904
2782,-17.473649978637695,0.00988413393497467
2783,-17.920093536376953,0.3845759928226471
2784,-17.346248626708984,0.011670723557472229
2785,-17.32492446899414,0.011136919260025024
2786,-17.571802139282227,0.024799592792987823
2787,-17.452178955078125,0.2025308609008789
2788,-17.287012100219727,0.08625739067792892
2789,-17.33153533935547,0.03281915932893753
2790,-17.48682403564453,0.013722412288188934
2791,-17.811460494995117,0.04820447415113449
2792,-18.080995559692383,0.2891976833343506
2793,-17.525203704833984,0.07477802783250809
2794,-17.40342140197754,0.07020676881074905
2795,-17.15081024169922,0.07049960643053055
2796,-17.31744384765625,0.0326966792345047
2797,-17.592790603637695,0.21496477723121643
2798,-17.254154205322266,0.09530449658632278
2799,-17.20575714111328,0.10671041905879974
2800,-16.94430160522461,0.10740188509225845
2801,-17.302370071411133,0.019125983119010925
2802,-17.298084259033203,0.01690135896205902
2803,-17.648847579956055,0.06508199870586395
2804,-18.09335708618164,0.3593119978904724
2805,-17.793256759643555,0.08674728870391846
2806,-17.580486297607422,0.09671546518802643
2807,-17.253034591674805,0.06995299458503723
2808,-16.873661041259766,0.06866618990898132
2809,-17.08550262451172,0.053218793123960495
2810,-16.89270782470703,0.054315898567438126
2811,-16.849079132080078,0.06617988646030426
2812,-17.417736053466797,0.07425663620233536
2813,-17.446636199951172,0.19798561930656433
2814,-17.249032974243164,0.12347888201475143
2815,-17.260311126708984,0.06962969899177551
2816,-17.335506439208984,0.03164598345756531
2817,-17.333267211914062,0.020565107464790344
2818,-17.44550323486328,0.012120239436626434
2819,-17.816408157348633,0.083478182554245
2820,-18.10719108581543,0.30739545822143555
2821,-17.74936294555664,0.08893097937107086
2822,-17.73918914794922,0.10076795518398285
2823,-17.735214233398438,0.0717623233795166
2824,-17.81548309326172,0.2558651268482208
2825,-17.12031364440918,0.050799041986465454
2826,-17.32138442993164,0.03903131186962128
2827,-17.489503860473633,0.008708357810974121
2828,-17.835407257080078,0.10866016149520874
2829,-18.09108543395996,0.35840529203414917
2830,-17.45482635498047,0.03706124424934387
2831,-17.250301361083984,0.06867048144340515
2832,-17.225448608398438,0.05753852054476738
2833,-17.208526611328125,0.04506702721118927
2834,-17.398212432861328,0.20370855927467346
2835,-17.290180206298828,0.011548802256584167
2836,-17.24961280822754,0.014453664422035217
2837,-17.41118812561035,0.02487252652645111
2838,-17.88286018371582,0.33584874868392944
2839,-17.241424560546875,0.05648042634129524
2840,-17.22730827331543,0.04643833637237549
2841,-17.26313018798828,0.06919454038143158
2842,-17.586376190185547,0.25297752022743225
2843,-17.180824279785156,0.1918942630290985
2844,-17.133928298950195,0.11198703944683075
2845,-17.095890045166016,0.03636956214904785
2846,-17.071067810058594,0.024486422538757324
2847,-17.241586685180664,0.03065868467092514
2848,-17.197031021118164,0.01477038860321045
2849,-17.815675735473633,0.14025072753429413
2850,-17.84916114807129,0.35885608196258545
2851,-17.56485366821289,0.039318352937698364
2852,-17.561336517333984,0.03641700744628906
2853,-17.34027099609375,0.01073428988456726
2854,-17.788434982299805,0.2192809283733368
2855,-17.680248260498047,0.03144493326544762
2856,-17.588037490844727,0.012769587337970734
2857,-17.667072296142578,0.219802126288414
2858,-17.336206436157227,0.06312153488397598
2859,-17.667007446289062,0.10769761353731155
2860,-17.405929565429688,0.19162151217460632
2861,-16.969776153564453,0.10526784509420395
2862,-17.262470245361328,0.020580947399139404
2863,-17.149486541748047,0.043951615691185
2864,-17.316932678222656,0.019056789577007294
2865,-17.258249282836914,0.021888718008995056
2866,-17.468360900878906,0.017969943583011627
2867,-17.758516311645508,0.2501680254936218
2868,-17.448450088500977,0.06954026222229004
2869,-17.28807258605957,0.07505688816308975
2870,-17.152721405029297,0.05888882651925087
2871,-17.335561752319336,0.053568124771118164
2872,-17.58882713317871,0.23688986897468567
2873,-16.927074432373047,0.1417335718870163
2874,-16.915000915527344,0.11394333094358444
2875,-16.90841293334961,0.11483807116746902
2876,-17.240554809570312,0.05117635428905487
2877,-17.292394638061523,0.013419494032859802
2878,-17.444650650024414,0.0354498028755188
2879,-17.90597152709961,0.3094791769981384
2880,-17.39484977722168,0.0607268400490284
2881,-17.38011932373047,0.057312604039907455
2882,-17.09102439880371,0.04925907403230667
2883,-17.04273796081543,0.03736066073179245
2884,-17.12237548828125,0.0045680031180381775
2885,-16.815414428710938,0.060727592557668686
2886,-16.80864715576172,0.04447341710329056
2887,-16.808320999145508,0.05847996845841408
2888,-17.46327781677246,0.10472507774829865
2889,-17.42820167541504,0.19574564695358276
2890,-17.01488494873047,0.1287129521369934
2891,-16.986207962036133,0.13167713582515717
2892,-17.25739097595215,0.08649680763483047
2893,-17.349567413330078,0.02088012546300888
2894,-17.266279220581055,0.016457445919513702
2895,-17.449609756469727,0.021989859640598297
2896,-17.740371704101562,0.229767844080925
2897,-17.583316802978516,0.08627244085073471
2898,-17.282926559448242,0.07778359949588776
2899,-17.293004989624023,0.07177989184856415
2900,-17.46164321899414,0.026443183422088623
2901,-17.530879974365234,0.19753006100654602
2902,-17.138517379760742,0.05478239804506302
2903,-16.929271697998047,0.11200511455535889
2904,-16.92165184020996,0.11303996294736862
2905,-17.124155044555664,0.05347488820552826
2906,-17.129724502563477,0.0809042900800705
2907,-17.269155502319336,0.015136778354644775
2908,-17.22708511352539,0.02536783367395401
2909,-17.405075073242188,0.01642303168773651
2910,-17.70815086364746,0.2758972942829132
2911,-17.393701553344727,0.052874840795993805
2912,-17.243066787719727,0.0635552853345871
2913,-17.23113250732422,0.049284860491752625
2914,-17.21798324584961,0.04113605618476868
2915,-17.245590209960938,0.003892675042152405
2916,-17.41742706298828,0.14628402888774872
2917,-17.372636795043945,0.21681523323059082
2918,-17.388750076293945,0.06690654158592224
2919,-17.262407302856445,0.022963613271713257
2920,-17.324382781982422,0.2395547777414322
2921,-17.3349552154541,0.016745299100875854
2922,-17.184629440307617,0.010483533143997192
2923,-17.243505477905273,0.1171453595161438
2924,-17.281253814697266,0.23254379630088806
2925,-17.280317306518555,0.10842394083738327
2926,-17.190000534057617,0.08499178290367126
2927,-17.665058135986328,0.05902588367462158
2928,-17.483213424682617,0.264786958694458
2929,-17.190570831298828,0.011457875370979309
2930,-17.278459548950195,0.056585438549518585
2931,-17.046831130981445,0.037788860499858856
2932,-17.215925216674805,0.033309295773506165
2933,-17.193130493164062,0.03979972004890442
2934,-16.710689544677734,0.08959439396858215
2935,-17.067441940307617,0.028003767132759094
2936,-17.46839714050293,0.024605438113212585
2937,-17.69312858581543,0.34042590856552124
2938,-17.52387809753418,0.11494974792003632
2939,-17.71595573425293,0.26174837350845337
2940,-17.50444793701172,0.03209017217159271
2941,-17.204317092895508,0.05657082423567772
2942,-17.3099422454834,0.05585464835166931
2943,-17.30194091796875,0.019401073455810547
2944,-17.355670928955078,0.032134003937244415
2945,-17.559289932250977,0.016773946583271027
2946,-17.50025749206543,0.02099405974149704
2947,-17.933597564697266,0.26027756929397583
2948,-17.26137924194336,0.10230111330747604
2949,-17.294464111328125,0.07019785046577454
2950,-17.151416778564453,0.06807959079742432
2951,-17.2502384185791,0.062320295721292496
2952,-17.148588180541992,0.06756432354450226
2953,-17.246017456054688,0.06162051483988762
2954,-16.908666610717773,0.07417920231819153
2955,-16.90302848815918,0.07333151996135712
2956,-16.89815330505371,0.07234753668308258
2957,-16.892993927001953,0.07130661606788635
2958,-17.268388748168945,0.09618805348873138
2959,-17.287269592285156,0.18028387427330017
2960,-16.8682861328125,0.12993478775024414
2961,-16.886686325073242,0.11558158695697784
2962,-17.134401321411133,0.07318000495433807
2963,-17.074262619018555,0.05046830326318741
2964,-17.265687942504883,0.010188862681388855
2965,-17.43642234802246,0.00883522629737854
2966,-17.46937370300293,0.23802395164966583
2967,-17.366296768188477,0.04702825844287872
2968,-17.373741149902344,0.0029495954513549805
2969,-17.20817756652832,0.02876722812652588
2970,-17.241758346557617,0.012450739741325378
2971,-16.906713485717773,0.06556969881057739
2972,-16.791234970092773,0.10118407011032104
2973,-17.194494247436523,0.05107056349515915
2974,-17.06285285949707,0.028529711067676544
2975,-17.229938507080078,0.00912851095199585
2976,-17.6015567779541,0.04326839745044708
2977,-17.649545669555664,0.3140719532966614
2978,-17.1835880279541,0.014129742980003357
2979,-15.158937454223633,0.044309698045253754
2980,-15.103195190429688,0.06015205383300781
2981,-15.103195190429688,0.06015205383300781
2982,-15.62132740020752,0.031928688287734985
2983,-16.140108108520508,0.3656395673751831
2984,-15.147588729858398,0.0411711111664772
2985,-15.147588729858398,0.0411711111664772
2986,-15.515061378479004,0.024926330894231796
2987,-15.738975524902344,0.04437313228845596
2988,-16.076446533203125,0.06288234144449234
2989,-16.0814266204834,0.04862544685602188
2990,-15.760117530822754,0.03475647047162056
2991,-16.223876953125,0.2053554207086563
2992,-16.696863174438477,0.4936944246292114
2993,-15.98515796661377,0.019289642572402954
2994,-16.0965518951416,0.022547326982021332
2995,-15.779874801635742,0.043717533349990845
2996,-15.487817764282227,0.08731827139854431
2997,-15.133210182189941,0.03669163957238197
2998,-15.077512741088867,0.09010172635316849
2999,-15.412033081054688,0.02145451307296753
3000,-15.147588729858398,0.0411711111664772
3001,-15.147588729858398,0.0411711111664772
3002,-15.147588729858398,0.0411711111664772
3003,-15.195050239562988,0.02282542735338211
3004,-15.147588729858398,0.0411711111664772
3005,-15.18986701965332,0.03670811653137207
3006,-15.23290729522705,0.021240513771772385
3007,-15.147588729858398,0.0411711111664772
3008,-15.147588729858398,0.0411711111664772
3009,-15.18986701965332,0.03670811653137207
3010,-15.147588729858398,0.0411711111664772
3011,-15.18986701965332,0.03670811653137207
3012,-15.147588729858398,0.0411711111664772
3013,-15.18986701965332,0.03670811653137207
3014,-15.147588729858398,0.0411711111664772
3015,-15.147588729858398,0.0411711111664772
3016,-15.147588729858398,0.0411711111664772
3017,-15.244766235351562,0.020397741347551346
3018,-15.147588729858398,0.0411711111664772
3019,-15.147588729858398,0.0411711111664772
3020,-15.195050239562988,0.02282542735338211
3021,-15.147588729858398,0.0411711111664772
3022,-15.147588729858398,0.0411711111664772
3023,-15.195050239562988,0.02282542735338211
3024,-15.18986701965332,0.03670811653137207
3025,-15.147588729858398,0.0411711111664772
3026,-15.18986701965332,0.03670811653137207
3027,-15.147588729858398,0.0411711111664772
3028,-15.147588729858398,0.0411711111664772
3029,-17.113967895507812,0.00858382135629654
3030,-17.17635154724121,0.0751759484410286
3031,-16.996238708496094,0.12680086493492126
3032,-17.041431427001953,0.17309290170669556
3033,-16.9647274017334,0.11633335053920746
3034,-16.9695987701416,0.10594859719276428
3035,-16.986831665039062,0.12115313857793808
3036,-16.966190338134766,0.1108681708574295
3037,-16.9504451751709,0.10251819342374802
3038,-16.949180603027344,0.10317887365818024
3039,-16.933815002441406,0.11848106980323792
3040,-16.947071075439453,0.10548017919063568
3041,-16.94491195678711,0.1071033850312233
3042,-16.941396713256836,0.10848850011825562
3043,-17.1098575592041,0.051935382187366486
3044,-17.053577423095703,0.06380525231361389
3045,-17.24757194519043,0.024765536189079285
3046,-16.92995262145996,0.10862985998392105
3047,-16.90055274963379,0.11776570975780487
3048,-16.879337310791016,0.12474597990512848
3049,-17.126882553100586,0.0409466028213501
3050,-17.083385467529297,0.0705074891448021
3051,-17.066869735717773,0.04819052666425705
3052,-17.049278259277344,0.04769477620720863
3053,-17.2820987701416,0.028712928295135498
3054,-17.03372573852539,0.08246637135744095
3055,-17.0372257232666,0.04495611414313316
3056,-17.03033447265625,0.04522809013724327
3057,-17.02309799194336,0.08259232342243195
3058,-17.224205017089844,0.02352086454629898
3059,-17.239906311035156,0.027172334492206573
3060,-17.434181213378906,0.2002144306898117
3061,-17.19085693359375,0.009194791316986084
3062,-17.118955612182617,0.07146070152521133
3063,-16.78369903564453,0.13109973073005676
3064,-16.759511947631836,0.09136427938938141
3065,-16.777175903320312,0.14406393468379974
3066,-17.470703125,0.019359365105628967
3067,-17.642351150512695,0.21815218031406403
3068,-17.28926658630371,0.025298278778791428
3069,-17.110429763793945,0.00372469425201416
3070,-17.10526466369629,0.037866875529289246
3071,-16.969411849975586,0.1378455013036728
3072,-17.15943145751953,0.07573774456977844
3073,-17.253305435180664,0.020046480000019073
3074,-17.17400550842285,0.043574992567300797
3075,-17.434764862060547,0.015604257583618164
3076,-17.71330451965332,0.21769201755523682
3077,-17.28347396850586,0.059826627373695374
3078,-17.11626434326172,0.08032934367656708
3079,-16.942182540893555,0.11012031137943268
3080,-16.899330139160156,0.06668354570865631
3081,-16.902969360351562,0.07331961393356323
3082,-16.927671432495117,0.08881111443042755
3083,-16.89358901977539,0.07142655551433563
3084,-16.887470245361328,0.07054673135280609
3085,-16.888565063476562,0.05983090028166771
3086,-16.873228073120117,0.06859259307384491
3087,-16.8649845123291,0.06766834855079651
3088,-16.863208770751953,0.07265203446149826
3089,-16.84696388244629,0.06596186757087708
3090,-17.169713973999023,0.04318712651729584
3091,-17.327157974243164,0.19921007752418518
3092,-17.080873489379883,0.15876953303813934
3093,-16.83576202392578,0.13714107871055603
3094,-16.845455169677734,0.10985498875379562
3095,-16.836502075195312,0.10853929817676544
3096,-16.826467514038086,0.10722633451223373
3097,-16.817062377929688,0.1059957817196846
3098,-16.806699752807617,0.10452704131603241
3099,-16.79677391052246,0.10304360091686249
3100,-16.799816131591797,0.1326446384191513
3101,-16.774988174438477,0.09316733479499817
3102,-16.783666610717773,0.14175105094909668
3103,-16.715999603271484,0.11859004199504852
3104,-16.701223373413086,0.11700858175754547
3105,-16.76103401184082,0.14712560176849365
3106,-17.032054901123047,0.16074836254119873
3107,-16.98356819152832,0.1283760517835617
3108,-17.582956314086914,0.2242903709411621
3109,-17.082834243774414,0.013024665415287018
3110,-17.07352066040039,0.02864934876561165
3111,-17.032928466796875,0.034204233437776566
3112,-17.349306106567383,0.08339133858680725
3113,-17.48261260986328,0.2136504054069519
3114,-16.968605041503906,0.10980086773633957
3115,-16.96430015563965,0.09868661314249039
3116,-17.154783248901367,0.06809227168560028
3117,-17.074018478393555,0.049192238599061966
3118,-17.006370544433594,0.07425007224082947
3119,-16.973325729370117,0.12059848010540009
3120,-16.93792724609375,0.10317227244377136
3121,-17.20209503173828,0.02891584485769272
3122,-16.936315536499023,0.13777509331703186
3123,-16.925243377685547,0.14191403985023499
3124,-16.906871795654297,0.11802918463945389
3125,-17.118785858154297,0.060014933347702026
3126,-16.895915985107422,0.12572486698627472
3127,-17.12428092956543,0.041634395718574524
3128,-17.60958480834961,0.0412362739443779
3129,-17.88241195678711,0.2604244351387024
3130,-17.4250545501709,0.04258105158805847
3131,-17.125612258911133,0.07463114708662033
3132,-16.88861846923828,0.05828249081969261
3133,-16.86276626586914,0.067464679479599
3134,-16.85403060913086,0.06666231155395508
3135,-17.324113845825195,0.0809144526720047
3136,-17.32765769958496,0.1978105902671814
3137,-16.853961944580078,0.1346305012702942
3138,-16.848936080932617,0.13532398641109467
3139,-16.858848571777344,0.1129559651017189
3140,-16.8359375,0.12601704895496368
3141,-16.850675582885742,0.11106359958648682
3142,-16.846294403076172,0.11004942655563354
3143,-17.089746475219727,0.03230518102645874
3144,-17.04676628112793,0.04819304496049881
3145,-17.2369441986084,0.009533897042274475
3146,-16.973554611206055,0.07174453139305115
3147,-17.164030075073242,0.032659947872161865
3148,-17.369384765625,0.01578749716281891
3149,-17.416099548339844,0.22355251014232635
3150,-16.792156219482422,0.061349738389253616
3151,-16.789825439453125,0.0601716972887516
3152,-16.835372924804688,0.011037342250347137
3153,-16.78622055053711,0.05269360914826393
3154,-16.782264709472656,0.05202426388859749
3155,-16.786785125732422,0.02199927717447281
3156,-17.139610290527344,0.1036088615655899
3157,-17.512338638305664,0.28372055292129517
3158,-17.468856811523438,0.1003921777009964
3159,-16.98752784729004,0.14982955157756805
3160,-16.72543716430664,0.08974882960319519
3161,-16.76999282836914,0.145731583237648
3162,-16.736764907836914,0.1262907087802887
3163,-16.71345329284668,0.08961766958236694
3164,-16.832204818725586,0.15265274047851562
3165,-16.722665786743164,0.1240607351064682
3166,-17.010906219482422,0.13275444507598877
3167,-17.292327880859375,0.02933502197265625
3168,-17.298694610595703,0.018241308629512787
3169,-17.279796600341797,0.06352274119853973
3170,-17.370723724365234,0.02609330415725708
3171,-17.305269241333008,0.032282352447509766
3172,-17.529273986816406,0.015976808965206146
3173,-17.496105194091797,0.01982753723859787
3174,-17.94012451171875,0.2552856206893921
3175,-17.45679473876953,0.07887349277734756
3176,-17.2740421295166,0.07807883620262146
3177,-17.117185592651367,0.08216992020606995
3178,-16.976707458496094,0.0906786397099495
3179,-16.929819107055664,0.07468079030513763
3180,-16.92740821838379,0.07444201409816742
3181,-16.924833297729492,0.07413450628519058
3182,-16.955820083618164,0.0932978019118309
3183,-16.902250289916992,0.06820271909236908
3184,-16.90923500061035,0.07417775690555573
3185,-16.904909133911133,0.07371100783348083
3186,-17.47154998779297,0.1290595531463623
3187,-17.52574348449707,0.24155405163764954
3188,-17.203975677490234,0.1560124158859253
3189,-16.91592025756836,0.11381857842206955
3190,-16.89460563659668,0.1303551346063614
3191,-16.905536651611328,0.11519601196050644
3192,-16.88100242614746,0.13170263171195984
3193,-16.89297103881836,0.11648454517126083
3194,-17.11164093017578,0.050510652363300323
3195,-17.49101448059082,0.0073206424713134766
3196,-17.735004425048828,0.3044147491455078
3197,-17.109561920166016,0.06316286325454712
3198,-17.06776237487793,0.04508180916309357
3199,-17.169788360595703,0.032319746911525726
3200,-16.827733993530273,0.062499579042196274
3201,-16.823802947998047,0.061940278857946396
3202,-17.247737884521484,0.09917378425598145
3203,-17.548738479614258,0.27726563811302185
3204,-17.53314971923828,0.1646592617034912
3205,-17.495595932006836,0.07892602682113647
3206,-17.41278839111328,0.05721532553434372
3207,-17.3895263671875,0.029690921306610107
3208,-17.849632263183594,0.27229049801826477
3209,-18.02882194519043,0.1964341253042221
3210,-17.734708786010742,0.30822330713272095
3211,-17.183265686035156,0.1776275634765625
3212,-16.78252410888672,0.14216482639312744
3213,-17.073162078857422,0.022331461310386658
3214,-17.23377227783203,0.009447768330574036
3215,-17.691158294677734,0.3357657790184021
3216,-17.319860458374023,0.01189565658569336
3217,-16.768009185791016,0.049677055329084396
3218,-16.778600692749023,0.051519621163606644
3219,-17.267608642578125,0.13576164841651917
3220,-18.085315704345703,0.3228667974472046
3221,-17.21607780456543,0.10110568255186081
3222,-17.142648696899414,0.07365521788597107
3223,-17.011613845825195,0.12818172574043274
3224,-16.93537712097168,0.1147320419549942
3225,-16.98361587524414,0.12866204977035522
3226,-16.982206344604492,0.1225009560585022
3227,-16.987642288208008,0.1264720857143402
3228,-17.03773307800293,0.17218437790870667
3229,-16.958656311035156,0.10091666877269745
3230,-17.154191970825195,0.04814211279153824
3231,-17.316017150878906,0.018062099814414978
3232,-17.47384262084961,0.020935222506523132
3233,-17.944149017333984,0.295163631439209
3234,-17.15325927734375,0.05662553757429123
3235,-17.149921417236328,0.06761417537927628
3236,-16.957889556884766,0.09299852699041367
3237,-16.91636085510254,0.07415799796581268
3238,-16.91141700744629,0.07417154312133789
3239,-16.917156219482422,0.0873604267835617
3240,-16.902711868286133,0.07326750457286835
3241,-16.89893913269043,0.0725061297416687
3242,-16.895078659057617,0.07172711193561554
3243,-16.89116859436035,0.07098935544490814
3244,-16.89765167236328,0.08650553971529007
3245,-16.888566970825195,0.059727538377046585
3246,-16.873329162597656,0.06861008703708649
3247,-16.888935089111328,0.05770821496844292
3248,-16.85901641845703,0.06712014973163605
3249,-16.85117530822754,0.06639616191387177
3250,-16.89371681213379,0.048731014132499695
3251,-16.841035842895508,0.0652426928281784
3252,-16.84623146057129,0.07580340653657913
3253,-16.832962036132812,0.06360185146331787
3254,-16.828792572021484,0.06269817054271698
3255,-16.869365692138672,0.033536769449710846
3256,-17.249834060668945,0.09844280779361725
3257,-17.322465896606445,0.2109677791595459
3258,-16.831809997558594,0.10792537033557892
3259,-16.843576431274414,0.13730226457118988
3260,-16.81617546081543,0.10587962716817856
3261,-16.809350967407227,0.13413512706756592
3262,-17.091678619384766,0.03165385127067566
3263,-17.253826141357422,0.01797880232334137
3264,-18.118457794189453,0.42352256178855896
3265,-17.058664321899414,0.020060673356056213
3266,-16.786283493041992,0.05270726606249809
3267,-16.78374481201172,0.05624258145689964
3268,-16.777563095092773,0.05157293751835823
3269,-16.773813247680664,0.05093858763575554
3270,-16.779438018798828,0.05228715017437935
3271,-15.464926719665527,0.038045573979616165
3272,-15.917651176452637,0.07534423470497131
3273,-16.07903480529785,0.04174866899847984
3274,-16.29450798034668,0.011035114526748657
3275,-17.038806915283203,0.14269134402275085
3276,-16.30974769592285,0.07650259137153625
3277,-16.28097152709961,0.11896400153636932
3278,-15.980794906616211,0.3027942180633545
3279,-17.082834243774414,0.013024665415287018
3280,-17.08067512512207,0.012920275330543518
3281,-17.061859130859375,0.02228163182735443
3282,-17.082834243774414,0.013024665415287018
3283,-17.293407440185547,0.041292883455753326
3284,-17.75397300720215,0.306262344121933
3285,-17.23348045349121,0.14254775643348694
3286,-16.960773468017578,0.11556187272071838
3287,-16.97310447692871,0.13449719548225403
3288,-16.960386276245117,0.1006404384970665
3289,-16.95403480529785,0.10154250264167786
3290,-16.95230484008789,0.11417106539011002
3291,-16.94895362854004,0.10329630225896835
3292,-16.947677612304688,0.1042596846818924
3293,-17.289724349975586,0.02066950500011444
3294,-17.290781021118164,0.039030298590660095
3295,-17.44558334350586,0.018776558339595795
3296,-18.26767349243164,0.300514280796051
3297,-17.447816848754883,0.04286815598607063
3298,-17.27155303955078,0.025164302438497543
3299,-17.006364822387695,0.02969059720635414
3300,-17.023754119873047,0.05169462412595749
3301,-16.991153717041016,0.06458161771297455
3302,-17.401893615722656,0.0643809586763382
3303,-17.434410095214844,0.2256259024143219
3304,-17.28607177734375,0.11764810234308243
3305,-17.001890182495117,0.1266256421804428
3306,-17.277786254882812,0.07686332613229752
3307,-17.150665283203125,0.07702996581792831
3308,-17.116601943969727,0.053521718829870224
3309,-17.064233779907227,0.050092700868844986
3310,-17.24753761291504,0.0195925310254097
3311,-17.452354431152344,0.021222472190856934
3312,-17.76376724243164,0.24889639019966125
3313,-17.172225952148438,0.05175771564245224
3314,-17.15082550048828,0.06804479658603668
3315,-17.149953842163086,0.06789209693670273
3316,-17.381948471069336,0.06214992702007294
3317,-17.601497650146484,0.24577602744102478
3318,-16.9418888092041,0.10832525044679642
3319,-16.938678741455078,0.10945358872413635
3320,-17.28769302368164,0.021435067057609558
3321,-17.31000328063965,0.016665220260620117
3322,-17.075851440429688,0.05785974860191345
3323,-17.471078872680664,0.03570207953453064
3324,-17.90974998474121,0.3270680904388428
3325,-17.58318519592285,0.0901014506816864
3326,-17.571090698242188,0.19823956489562988
3327,-17.302509307861328,0.01578681170940399
3328,-17.15009117126465,0.07571996748447418
3329,-16.861251831054688,0.1336367279291153
3330,-16.855728149414062,0.13438692688941956
3331,-17.117074966430664,0.05084860324859619
3332,-17.307193756103516,0.03548835217952728
3333,-17.296293258666992,0.011154145002365112
3334,-17.265790939331055,0.02864551544189453
3335,-17.846967697143555,0.13715697824954987
3336,-18.093650817871094,0.4017466902732849
3337,-17.375242233276367,0.04492778331041336
3338,-17.22964096069336,0.04549936205148697
3339,-17.216480255126953,0.03187984228134155
3340,-17.312461853027344,0.027160879224538803
3341,-17.258121490478516,0.021701432764530182
3342,-17.25764274597168,0.01847226917743683
3343,-17.017484664916992,0.03741711005568504
3344,-17.027563095092773,0.045730672776699066
3345,-17.00301170349121,0.06021939218044281
3346,-16.987918853759766,0.06898056715726852
3347,-16.95700454711914,0.07561028748750687
3348,-16.967172622680664,0.0676131546497345
3349,-16.932056427001953,0.07456965744495392
3350,-16.928302764892578,0.07455320656299591
3351,-16.923460006713867,0.07413832098245621
3352,-16.91541862487793,0.07416053861379623
3353,-16.9075870513916,0.07418224960565567
3354,-17.274702072143555,0.06287914514541626
3355,-17.54103660583496,0.24684348702430725
3356,-17.180862426757812,0.15201468765735626
3357,-17.17730712890625,0.15403889119625092
3358,-16.88051414489746,0.13175104558467865
3359,-16.889116287231445,0.11600630730390549
3360,-17.108182907104492,0.04960140585899353
3361,-17.294565200805664,0.012293592095375061
3362,-17.047517776489258,0.05704885721206665
3363,-17.00599479675293,0.09199286997318268
3364,-16.963260650634766,0.10034770518541336
3365,-17.61850929260254,0.09769110381603241
3366,-17.666419982910156,0.29295092821121216
3367,-17.226848602294922,0.03519289940595627
3368,-17.053892135620117,0.02552342414855957
3369,-16.789304733276367,0.031341008841991425
3370,-16.791959762573242,0.05395817384123802
3371,-16.785310745239258,0.05249296501278877
3372,-16.778759002685547,0.05168772116303444
3373,-16.786670684814453,0.02077125757932663
3374,-17.660978317260742,0.21270227432250977
3375,-17.550926208496094,0.31817954778671265
3376,-17.127470016479492,0.1648150086402893
3377,-16.70058822631836,0.08950944244861603
3378,-17.24061393737793,0.01036505401134491
3379,-17.46280860900879,0.2777103781700134
3380,-17.395397186279297,0.12787915766239166
3381,-17.26140785217285,0.24342404305934906
3382,-16.6912899017334,0.08943131566047668
3383,-17.037334442138672,0.12350760400295258
3384,-17.009946823120117,0.1341293603181839
3385,-17.00780487060547,0.12756305932998657
3386,-17.563987731933594,0.010530248284339905
3387,-17.59136199951172,0.013894684612751007
3388,-17.53067398071289,0.015395939350128174
3389,-17.42215347290039,0.02108065038919449
3390,-17.646953582763672,0.1988081932067871
3391,-17.27471351623535,0.08059608191251755
3392,-17.251476287841797,0.07568393647670746
3393,-17.257709503173828,0.18346434831619263
3394,-16.95144271850586,0.11632887274026871
3395,-16.944034576416016,0.10753163695335388
3396,-17.312984466552734,0.04093043506145477
3397,-17.304039001464844,0.01635424792766571
3398,-17.047937393188477,0.06554540991783142
3399,-17.253305435180664,0.048022665083408356
3400,-17.41935920715332,0.014398112893104553
3401,-17.188188552856445,0.03591667860746384
3402,-17.127532958984375,0.06461125612258911
3403,-17.124826431274414,0.041982799768447876
3404,-17.083526611328125,0.07095737755298615
3405,-17.072509765625,0.07414479553699493
3406,-17.354951858520508,0.007809795439243317
3407,-17.300691604614258,0.027197949588298798
3408,-17.277856826782227,0.03021855652332306
3409,-17.570682525634766,0.0428980216383934
3410,-17.830476760864258,0.28212302923202515
3411,-17.345964431762695,0.011973321437835693
3412,-17.31955337524414,0.13642330467700958
3413,-17.059473037719727,0.031394943594932556
3414,-17.084033966064453,0.027491897344589233
3415,-17.081626892089844,0.02623206377029419
3416,-17.24009895324707,0.012115076184272766
3417,-17.674169540405273,0.3053199052810669
3418,-17.039146423339844,0.013082876801490784
3419,-17.158735275268555,0.11405904591083527
3420,-17.269258499145508,0.23223111033439636
3421,-15.077512741088867,0.09010172635316849
3422,-15.198488235473633,0.06718870252370834
3423,-15.497849464416504,0.03642008453607559
3424,-15.977851867675781,0.30164486169815063
3425,-15.515411376953125,0.005851119756698608
3426,-15.497827529907227,0.010392658412456512
3427,-17.082834243774414,0.013024665415287018
3428,-17.17725372314453,0.005484201014041901
3429,-17.50180435180664,0.14856193959712982
3430,-17.118335723876953,0.0538366362452507
3431,-17.345979690551758,0.02522500604391098
3432,-17.497173309326172,0.021848350763320923
3433,-17.757286071777344,0.23380765318870544
3434,-17.40713119506836,0.08579203486442566
3435,-17.268983840942383,0.0849907398223877
3436,-17.133033752441406,0.07969402521848679
3437,-16.926803588867188,0.06821970641613007
3438,-16.919845581054688,0.06775282323360443
3439,-16.960094451904297,0.09267984330654144
3440,-16.9036865234375,0.06868109107017517
3441,-17.456941604614258,0.1115252822637558
3442,-17.55035400390625,0.25077322125434875
3443,-17.18705940246582,0.14507153630256653
3444,-17.134761810302734,0.13507674634456635
3445,-17.112346649169922,0.051765382289886475
3446,-17.297731399536133,0.015124127268791199
3447,-17.23948097229004,0.02412416785955429
3448,-17.20887565612793,0.034419089555740356
3449,-17.60603904724121,0.059868380427360535
3450,-17.927648544311523,0.30968958139419556
3451,-17.598474502563477,0.05794355645775795
3452,-17.58455467224121,0.07686811685562134
3453,-17.429903030395508,0.03999511897563934
3454,-17.501968383789062,0.2433149814605713
3455,-17.17750358581543,0.1863557994365692
3456,-16.847583770751953,0.11034809052944183
3457,-17.27834701538086,0.020269736647605896
3458,-17.074556350708008,0.07142100483179092
3459,-17.237979888916016,0.010528221726417542
3460,-17.895051956176758,0.36515939235687256
3461,-17.371929168701172,0.032119184732437134
3462,-17.218669891357422,0.027208521962165833
3463,-17.40358543395996,0.0065610408782958984
3464,-17.448928833007812,0.17963525652885437
3465,-17.44258689880371,0.06022019684314728
3466,-17.71516227722168,0.32934436202049255
3467,-16.823081970214844,0.01018555462360382
3468,-16.780101776123047,0.05289850011467934
3469,-16.77115821838379,0.05027596279978752
3470,-17.529067993164062,0.18504585325717926
3471,-17.529111862182617,0.3016068935394287
3472,-17.024394989013672,0.14683644473552704
3473,-17.264019012451172,0.011749863624572754
3474,-17.497718811035156,0.2946205139160156
3475,-17.026582717895508,0.00760573148727417
3476,-17.165496826171875,0.12271435558795929
3477,-17.657386779785156,0.28185611963272095
3478,-17.003633499145508,0.1349296271800995
3479,-16.96212387084961,0.1321859508752823
3480,-17.33563232421875,0.03246554732322693
3481,-17.427013397216797,0.01671081781387329
3482,-17.319210052490234,0.03086269646883011
3483,-17.910797119140625,0.06073615700006485
3484,-18.132707595825195,0.280400812625885
3485,-17.273515701293945,0.0879243016242981
3486,-17.235307693481445,0.06918530911207199
3487,-17.243934631347656,0.06418873369693756
3488,-17.00037956237793,0.06322583556175232
3489,-16.97202491760254,0.09095555543899536
3490,-17.27121353149414,0.05684611201286316
3491,-17.77433967590332,0.2937418520450592
3492,-17.367399215698242,0.07613774389028549
3493,-17.387109756469727,0.11342444270849228
3494,-17.297250747680664,0.037481293082237244
3495,-17.473546981811523,0.028932318091392517
3496,-17.89402198791504,0.30008918046951294
3497,-17.597320556640625,0.08705084770917892
3498,-17.40420150756836,0.06907467544078827
3499,-17.12757682800293,0.07006236910820007
3500,-16.869272232055664,0.06806215643882751
3501,-17.285219192504883,0.07640385627746582
3502,-17.46993064880371,0.18453973531723022
3503,-17.09547233581543,0.043950676918029785
3504,-17.072065353393555,0.05004790425300598
3505,-17.048847198486328,0.05635813623666763
3506,-17.22690200805664,0.016410604119300842
3507,-17.610301971435547,0.08612748980522156
3508,-18.073163986206055,0.37381958961486816
3509,-17.720842361450195,0.10377994924783707
3510,-17.37126922607422,0.04420865327119827
3511,-17.048362731933594,0.027989506721496582
3512,-17.221120834350586,0.11300277709960938
3513,-17.30219078063965,0.22461843490600586
3514,-16.794546127319336,0.1378145068883896
3515,-16.77509117126465,0.09319902956485748
3516,-17.082584381103516,0.029035836458206177
3517,-17.275480270385742,0.023838117718696594
3518,-17.23082733154297,0.00863523781299591
3519,-17.384578704833984,0.025842085480690002
3520,-17.645679473876953,0.3163115382194519
3521,-15.995418548583984,0.015033748000860214
3522,-15.486308097839355,0.08716097474098206
3523,-15.103195190429688,0.06015205383300781
3524,-15.158937454223633,0.044309698045253754
3525,-15.133210182189941,0.03669163957238197
3526,-15.077512741088867,0.09010172635316849
3527,-15.077512741088867,0.09010172635316849
3528,-15.614648818969727,0.02722388505935669
3529,-15.863141059875488,0.13410867750644684
3530,-16.402456283569336,0.4232543706893921
3531,-17.366565704345703,0.04968944936990738
3532,-17.073162078857422,0.028696659952402115
3533,-17.03575897216797,0.03403759375214577
3534,-17.34078598022461,0.08826658129692078
3535,-17.498432159423828,0.2167101502418518
3536,-16.966983795166016,0.11369132250547409
3537,-16.977684020996094,0.1302691400051117
3538,-17.2711238861084,0.018633991479873657
3539,-17.297080993652344,0.029282093048095703
3540,-17.473587036132812,0.01956113427877426
3541,-17.764541625976562,0.25199466943740845
3542,-17.5385684967041,0.07739125192165375
3543,-17.320852279663086,0.03228985518217087
3544,-17.274906158447266,0.06068345159292221
3545,-17.111623764038086,0.004598654806613922
3546,-17.11796760559082,0.0394563302397728
3547,-16.968746185302734,0.10924672335386276
3548,-16.982563018798828,0.1254509836435318
3549,-17.27472686767578,0.018243655562400818
3550,-17.141929626464844,0.07354764640331268
3551,-17.080984115600586,0.05121732875704765
3552,-17.47050666809082,0.013762414455413818
3553,-17.467397689819336,0.017890147864818573
3554,-17.956573486328125,0.29144880175590515
3555,-17.4844970703125,0.04048355668783188
3556,-17.4414119720459,0.06573419272899628
3557,-17.456764221191406,0.013909786939620972
3558,-17.43401336669922,0.18957242369651794
3559,-17.2879695892334,0.02126637101173401
3560,-17.095680236816406,0.0515933483839035
3561,-17.292200088500977,0.014768525958061218
3562,-17.249908447265625,0.020615726709365845
3563,-17.21190071105957,0.05754709243774414
3564,-17.60862159729004,0.06384541094303131
3565,-17.91286277770996,0.31557464599609375
3566,-17.584476470947266,0.0796678215265274
3567,-17.249658584594727,0.06618498265743256
3568,-17.367748260498047,0.020170308649539948
3569,-17.216501235961914,0.04348120838403702
3570,-17.265127182006836,0.06158831715583801
3571,-17.67672348022461,0.2654099762439728
3572,-17.280759811401367,0.11398255825042725
3573,-16.819833755493164,0.13369084894657135
3574,-17.10196304321289,0.06411689519882202
3575,-17.271072387695312,0.017865881323814392
3576,-17.92140007019043,0.3835816979408264
3577,-17.216611862182617,0.01783837378025055
3578,-17.204368591308594,0.011638715863227844
3579,-17.23299217224121,0.035105496644973755
3580,-17.38435173034668,0.22377753257751465
3581,-16.72998046875,0.0899689644575119
3582,-17.19515037536621,0.03947471082210541
3583,-17.037057876586914,0.06769128143787384
3584,-17.016277313232422,0.07306629419326782
3585,-17.429439544677734,0.05070483684539795
3586,-17.66099739074707,0.32449883222579956
3587,-17.18185806274414,0.012223288416862488
3588,-17.45334815979004,0.055467359721660614
3589,-17.23674964904785,0.02483515441417694
3590,-17.31614875793457,0.1181272491812706
3591,-17.050033569335938,0.11568000912666321
3592,-17.320838928222656,0.026219047605991364
3593,-17.37123680114746,0.026872508227825165
3594,-17.57624053955078,0.018083296716213226
3595,-17.874853134155273,0.24220193922519684
3596,-17.40079116821289,0.04368434473872185
3597,-17.225830078125,0.045076485723257065
3598,-17.418277740478516,0.07414610683917999
3599,-17.42222785949707,0.1624484658241272
3600,-16.953401565551758,0.10167048871517181
3601,-17.15272331237793,0.05005995184183121
3602,-17.308177947998047,0.019007816910743713
3603,-17.47928810119629,0.023864254355430603
3604,-17.754226684570312,0.26949673891067505
3605,-17.289194107055664,0.05123165249824524
3606,-17.136680603027344,0.07016584277153015
3607,-17.130931854248047,0.06653153896331787
3608,-17.334877014160156,0.05000317096710205
3609,-17.904932022094727,0.31165993213653564
3610,-17.19244956970215,0.15347367525100708
3611,-17.124860763549805,0.05363976210355759
3612,-17.619489669799805,0.039615556597709656
3613,-17.55124282836914,0.25305330753326416
3614,-17.11614990234375,0.06468655169010162
3615,-17.28307342529297,0.08082622289657593
3616,-17.31716537475586,0.19356873631477356
3617,-17.244966506958008,0.16858962178230286
3618,-17.115434646606445,0.05025704205036163
3619,-17.470718383789062,0.017582431435585022
3620,-17.732593536376953,0.3193296194076538
3621,-17.204904556274414,0.03571438044309616
3622,-17.395803451538086,0.09540878236293793
3623,-17.369260787963867,0.21526050567626953
3624,-16.798786163330078,0.12502062320709229
3625,-16.808677673339844,0.1342085301876068
3626,-17.29075813293457,0.009446889162063599
3627,-17.449174880981445,0.022434428334236145
3628,-17.888763427734375,0.37126898765563965
3629,-17.39834213256836,0.014151319861412048
3630,-17.285253524780273,0.054830193519592285
3631,-17.454660415649414,0.05333486199378967
3632,-17.70391082763672,0.2815028429031372
3633,-17.73370933532715,0.2047647386789322
3634,-16.34083366394043,0.014577694237232208
3635,-16.549924850463867,0.07324610650539398
3636,-16.688247680664062,0.0479087233543396
3637,-16.04832649230957,0.0192393958568573
3638,-16.14236831665039,0.3666050434112549
3639,-15.493099212646484,0.009985838085412979
3640,-15.379265785217285,0.028757164254784584
3641,-15.464926719665527,0.038045573979616165
3642,-15.699207305908203,0.03196544200181961
3643,-15.765780448913574,0.07682839035987854
3644,-15.880448341369629,0.08783656358718872
3645,-16.29450798034668,0.011035114526748657
3646,-16.376235961914062,0.02517346292734146
3647,-16.848480224609375,0.04632695019245148
3648,-16.93600082397461,0.34291189908981323
3649,-15.850714683532715,0.06889811158180237
3650,-15.103195190429688,0.06015205383300781
3651,-15.414505004882812,0.07580479979515076
3652,-15.834606170654297,0.10101728141307831
3653,-16.000810623168945,0.0325160026550293
3654,-16.204814910888672,0.2701237201690674
3655,-15.147588729858398,0.0411711111664772
3656,-15.195050239562988,0.02282542735338211
3657,-15.18986701965332,0.03670811653137207
3658,-15.445642471313477,0.04309140145778656
3659,-15.698347091674805,0.011899270117282867
3660,-15.887038230895996,0.0952802523970604
3661,-16.30299949645996,0.04134085401892662
3662,-17.001697540283203,0.11073964834213257
3663,-16.38534164428711,0.04075805842876434
3664,-16.665388107299805,0.03383825719356537
3665,-16.912904739379883,0.4116094708442688
3666,-15.65498161315918,0.024477578699588776
3667,-15.797863006591797,0.03783456236124039
3668,-15.599830627441406,0.09011982381343842
3669,-15.944371223449707,0.06891810148954391
3670,-16.222084045410156,0.11722193658351898
3671,-16.830127716064453,0.43403297662734985
3672,-15.401139259338379,0.026660136878490448
3673,-15.195050239562988,0.02282542735338211
3674,-15.23290729522705,0.021240513771772385
3675,-15.147588729858398,0.0411711111664772
3676,-15.402254104614258,0.05444454401731491
3677,-15.691207885742188,0.002584420144557953
3678,-16.07331085205078,0.08944633603096008
3679,-16.504243850708008,0.006309323012828827
3680,-17.300331115722656,0.12426091730594635
3681,-16.959421157836914,0.013551026582717896
3682,-17.03935432434082,0.34066903591156006
3683,-15.90517520904541,0.08383705466985703
3684,-15.323704719543457,0.08599454909563065
3685,-17.64544105529785,0.10564685612916946
3686,-17.657655715942383,0.00785517692565918
3687,-17.62729263305664,0.010015733540058136
3688,-17.647192001342773,0.028902322053909302
3689,-18.067363739013672,0.2659297585487366
3690,-17.841167449951172,0.01534164696931839
3691,-18.264745712280273,0.23100310564041138
3692,-17.518299102783203,0.018114760518074036
3693,-18.03615379333496,0.2269050031900406
3694,-18.176942825317383,0.15784303843975067
3695,-17.54977035522461,0.14951828122138977
3696,-17.200742721557617,0.08262275904417038
3697,-16.9608097076416,0.1123923510313034
3698,-17.250032424926758,0.11913581192493439
3699,-16.947280883789062,0.10474230349063873
3700,-16.94912338256836,0.11735277622938156
3701,-17.084163665771484,0.14764566719532013
3702,-17.36862564086914,0.019369468092918396
3703,-17.36191749572754,0.03311280906200409
3704,-17.547138214111328,0.01574789732694626
3705,-18.350055694580078,0.3452213406562805
3706,-17.631866455078125,0.055286210030317307
3707,-17.30099868774414,0.06675384938716888
3708,-17.44599151611328,0.005163133144378662
3709,-17.570615768432617,0.08305878937244415
3710,-17.90047836303711,0.2989911437034607
3711,-17.379289627075195,0.06667466461658478
3712,-17.258281707763672,0.08915288746356964
3713,-17.11213493347168,0.05245561897754669
3714,-17.677114486694336,0.057339251041412354
3715,-17.751583099365234,0.24951380491256714
3716,-17.415315628051758,0.06950977444648743
3717,-17.426923751831055,0.02411012351512909
3718,-17.60685920715332,0.24441057443618774
3719,-17.467435836791992,0.1435551941394806
3720,-17.286623001098633,0.11251931637525558
3721,-17.647809982299805,0.029020041227340698
3722,-17.55875015258789,0.25392407178878784
3723,-17.226367950439453,0.05792522802948952
3724,-17.272790908813477,0.036048248410224915
3725,-17.33108139038086,0.19755986332893372
3726,-17.20572280883789,0.07593543082475662
3727,-17.013681411743164,0.13208401203155518
3728,-17.291776657104492,0.08126647770404816
3729,-17.35733413696289,0.030155576765537262
3730,-17.70087242126465,0.02535368502140045
3731,-18.26898193359375,0.3391144871711731
3732,-17.390209197998047,0.0909506306052208
3733,-17.423490524291992,0.013057522475719452
3734,-17.556058883666992,0.20829936861991882
3735,-17.15210723876953,0.050941288471221924
3736,-16.948266983032227,0.10365506261587143
3737,-17.281620025634766,0.020999327301979065
3738,-17.309377670288086,0.01819576323032379
3739,-17.461177825927734,0.02193489670753479
3740,-18.282617568969727,0.4025953412055969
3741,-17.433706283569336,0.06961715221405029
3742,-17.277677536010742,0.07339408993721008
3743,-17.35742950439453,0.05796008184552193
3744,-17.29408073425293,0.05877909064292908
3745,-17.756284713745117,0.26693594455718994
3746,-17.59459114074707,0.04153669625520706
3747,-17.593564987182617,0.015869691967964172
3748,-17.752246856689453,0.02519907057285309
3749,-18.08321762084961,0.3750079274177551
3750,-17.578088760375977,0.08985918760299683
3751,-17.65534210205078,0.09470267593860626
3752,-17.55666160583496,0.20217007398605347
3753,-17.17045021057129,0.11301922798156738
3754,-17.12562370300293,0.16915307939052582
3755,-17.199708938598633,0.14724388718605042
3756,-17.072532653808594,0.08028161525726318
3757,-17.48213768005371,0.032798439264297485
3758,-18.100576400756836,0.4152037501335144
3759,-17.382740020751953,0.00806620717048645
3760,-17.312604904174805,0.06927958875894547
3761,-16.7557315826416,0.12269647419452667
3762,-16.775962829589844,0.09358744323253632
3763,-16.85047149658203,0.1517048180103302
3764,-17.05257225036621,0.053094252943992615
3765,-17.47698402404785,0.024855807423591614
3766,-18.248538970947266,0.4162130057811737
3767,-17.357988357543945,0.017655909061431885
3768,-17.48414421081543,0.11317403614521027
3769,-17.642168045043945,0.15365293622016907
3770,-17.364070892333984,0.03180456906557083
3771,-17.28319549560547,0.014387175440788269
3772,-17.281463623046875,0.03046853095293045
3773,-17.27910041809082,0.00774809718132019
3774,-17.249786376953125,0.01526576280593872
3775,-17.915498733520508,0.3902372121810913
3776,-17.53678321838379,0.015556171536445618
3777,-17.231660842895508,0.04128916561603546
3778,-17.142807006835938,0.16989964246749878
3779,-17.01629638671875,0.14933538436889648
3780,-16.70071792602539,0.1169481873512268
3781,-17.00513458251953,0.06528863310813904
3782,-17.473649978637695,0.00988413393497467
3783,-17.920093536376953,0.3845759928226471
3784,-17.346248626708984,0.011670723557472229
3785,-17.32492446899414,0.011136919260025024
3786,-17.571802139282227,0.024799592792987823
3787,-17.452178955078125,0.2025308609008789
3788,-17.287012100219727,0.08625739067792892
3789,-17.33153533935547,0.03281915932893753
3790,-17.48682403564453,0.013722412288188934
3791,-17.811460494995117,0.04820447415113449
3792,-18.080995559692383,0.2891976833343506
3793,-17.525203704833984,0.07477802783250809
3794,-17.40342140197754,0.07020676881074905
3795,-17.15081024169922,0.07049960643053055
3796,-17.31744384765625,0.0326966792345047
3797,-17.592790603637695,0.21496477723121643
3798,-17.254154205322266,0.09530449658632278
3799,-17.20575714111328,0.10671041905879974
3800,-16.94430160522461,0.10740188509225845
3801,-17.302370071411133,0.019125983119010925
3802,-17.298084259033203,0.01690135896205902
3803,-17.648847579956055,0.06508199870586395
3804,-18.09335708618164,0.3593119978904724
3805,-17.793256759643555,0.08674728870391846
3806,-17.580486297607422,0.09671546518802643
3807,-17.253034591674805,0.06995299458503723
3808,-16.873661041259766,0.06866618990898132
3809,-17.08550262451172,0.053218793123960495
3810,-16.89270782470703,0.054315898567438126
3811,-16.849079132080078,0.06617988646030426
3812,-17.417736053466797,0.07425663620233536
3813,-17.446636199951172,0.19798561930656433
3814,-17.249032974243164,0.12347888201475143
3815,-17.260311126708984,0.06962969899177551
3816,-17.335506439208984,0.03164598345756531
3817,-17.333267211914062,0.020565107464790344
3818,-17.44550323486328,0.012120239436626434
3819,-17.816408157348633,0.083478182554245
3820,-18.10719108581543,0.30739545822143555
3821,-17.74936294555664,0.08893097937107086
3822,-17.73918914794922,0.10076795518398285
3823,-17.735214233398438,0.0717623233795166
3824,-17.81548309326172,0.2558651268482208
3825,-17.12031364440918,0.050799041986465454
3826,-17.32138442993164,0.03903131186962128
3827,-17.489503860473633,0.008708357810974121
3828,-17.835407257080078,0.10866016149520874
3829,-18.09108543395996,0.35840529203414917
3830,-17.45482635498047,0.03706124424934387
3831,-17.250301361083984,0.06867048144340515
3832,-17.225448608398438,0.05753852054476738
3833,-17.208526611328125,0.04506702721118927
3834,-17.398212432861328,0.20370855927467346
3835,-17.290180206298828,0.011548802256584167
3836,-17.24961280822754,0.014453664422035217
3837,-17.41118812561035,0.02487252652645111
3838,-17.88286018371582,0.33584874868392944
3839,-17.241424560546875,0.05648042634129524
3840,-17.22730827331543,0.04643833637237549
3841,-17.26313018798828,0.06919454038143158
3842,-17.586376190185547,0.25297752022743225
3843,-17.180824279785156,0.1918942630290985
3844,-17.133928298950195,0.11198703944683075
3845,-17.095890045166016,0.03636956214904785
3846,-17.071067810058594,0.024486422538757324
3847,-17.241586685180664,0.03065868467092514
3848,-17.197031021118164,0.01477038860321045
3849,-17.815675735473633,0.14025072753429413
3850,-17.84916114807129,0.35885608196258545
3851,-17.56485366821289,0.039318352937698364
3852,-17.561336517333984,0.03641700744628906
3853,-17.34027099609375,0.01073428988456726
3854,-17.788434982299805,0.2192809283733368
3855,-17.680248260498047,0.03144493326544762
3856,-17.588037490844727,0.012769587337970734
3857,-17.667072296142578,0.219802126288414
3858,-17.336206436157227,0.06312153488397598
3859,-17.667007446289062,0.10769761353731155
3860,-17.405929565429688,0.19162151217460632
3861,-16.969776153564453,0.10526784509420395
3862,-17.262470245361328,0.020580947399139404
3863,-17.149486541748047,0.043951615691185
3864,-17.316932678222656,0.019056789577007294
3865,-17.258249282836914,0.021888718008995056
3866,-17.468360900878906,0.017969943583011627
3867,-17.758516311645508,0.2501680254936218
3868,-17.448450088500977,0.06954026222229004
3869,-17.28807258605957,0.07505688816308975
3870,-17.152721405029297,0.05888882651925087
3871,-17.335561752319336,0.053568124771118164
3872,-17.58882713317871,0.23688986897468567
3873,-16.927074432373047,0.1417335718870163
3874,-16.915000915527344,0.11394333094358444
3875,-16.90841293334961,0.11483807116746902
3876,-17.240554809570312,0.05117635428905487
3877,-17.292394638061523,0.013419494032859802
3878,-17.444650650024414,0.0354498028755188
3879,-17.90597152709961,0.3094791769981384
3880,-17.39484977722168,0.0607268400490284
3881,-17.38011932373047,0.057312604039907455
3882,-17.09102439880371,0.04925907403230667
3883,-17.04273796081543,0.03736066073179245
3884,-17.12237548828125,0.0045680031180381775
3885,-16.815414428710938,0.060727592557668686
3886,-16.80864715576172,0.04447341710329056
3887,-16.808320999145508,0.05847996845841408
3888,-17.46327781677246,0.10472507774829865
3889,-17.42820167541504,0.19574564695358276
3890,-17.01488494873047,0.1287129521369934
3891,-16.986207962036133,0.13167713582515717
3892,-17.25739097595215,0.08649680763483047
3893,-17.349567413330078,0.02088012546300888
3894,-17.266279220581055,0.016457445919513702
3895,-17.449609756469727,0.021989859640598297
3896,-17.740371704101562,0.229767844080925
3897,-17.583316802978516,0.08627244085073471
3898,-17.282926559448242,0.07778359949588776
3899,-17.293004989624023,0.07177989184856415
3900,-17.46164321899414,0.026443183422088623
3901,-17.530879974365234,0.19753006100654602
3902,-17.138517379760742,0.05478239804506302
3903,-16.929271697998047,0.11200511455535889
3904,-16.92165184020996,0.11303996294736862
3905,-17.124155044555664,0.05347488820552826
3906,-17.129724502563477,0.0809042900800705
3907,-17.269155502319336,0.015136778354644775
3908,-17.22708511352539,0.02536783367395401
3909,-17.405075073242188,0.01642303168773651
3910,-17.70815086364746,0.2758972942829132
3911,-17.393701553344727,0.052874840795993805
3912,-17.243066787719727,0.0635552853345871
3913,-17.23113250732422,0.049284860491752625
3914,-17.21798324584961,0.04113605618476868
3915,-17.245590209960938,0.003892675042152405
3916,-17.41742706298828,0.14628402888774872
3917,-17.372636795043945,0.21681523323059082
3918,-17.388750076293945,0.06690654158592224
3919,-17.262407302856445,0.022963613271713257
3920,-17.324382781982422,0.2395547777414322
3921,-17.3349552154541,0.016745299100875854
3922,-17.184629440307617,0.010483533143997192
3923,-17.243505477905273,0.1171453595161438
3924,-17.281253814697266,0.23254379630088806
3925,-17.280317306518555,0.10842394083738327
3926,-17.190000534057617,0.08499178290367126
3927,-17.665058135986328,0.05902588367462158
3928,-17.483213424682617,0.264786958694458
3929,-17.190570831298828,0.011457875370979309
3930,-17.278459548950195,0.056585438549518585
3931,-17.046831130981445,0.037788860499858856
3932,-17.215925216674805,0.033309295773506165
3933,-17.193130493164062,0.03979972004890442
3934,-16.710689544677734,0.08959439396858215
3935,-17.067441940307617,0.028003767132759094
3936,-17.46839714050293,0.024605438113212585
3937,-17.69312858581543,0.34042590856552124
3938,-17.52387809753418,0.11494974792003632
3939,-17.71595573425293,0.26174837350845337
3940,-17.50444793701172,0.03209017217159271
3941,-17.204317092895508,0.05657082423567772
3942,-17.3099422454834,0.05585464835166931
3943,-17.30194091796875,0.019401073455810547
3944,-17.355670928955078,0.032134003937244415
3945,-17.559289932250977,0.016773946583271027
3946,-17.50025749206543,0.02099405974149704
3947,-17.933597564697266,0.26027756929397583
3948,-17.26137924194336,0.10230111330747604
3949,-17.294464111328125,0.07019785046577454
3950,-17.151416778564453,0.06807959079742432
3951,-17.2502384185791,0.062320295721292496
3952,-17.148588180541992,0.06756432354450226
3953,-17.246017456054688,0.06162051483988762
3954,-16.908666610717773,0.07417920231819153
3955,-16.90302848815918,0.07333151996135712
3956,-16.89815330505371,0.07234753668308258
3957,-16.892993927001953,0.07130661606788635
3958,-17.268388748168945,0.09618805348873138
3959,-17.287269592285156,0.18028387427330017
3960,-16.8682861328125,0.12993478775024414
3961,-16.886686325073242,0.11558158695697784
3962,-17.134401321411133,0.07318000495433807
3963,-17.074262619018555,0.05046830326318741
3964,-17.265687942504883,0.010188862681388855
3965,-17.43642234802246,0.00883522629737854
3966,-17.46937370300293,0.23802395164966583
3967,-17.366296768188477,0.04702825844287872
3968,-17.373741149902344,0.0029495954513549805
3969,-17.20817756652832,0.02876722812652588
3970,-17.241758346557617,0.012450739741325378
3971,-16.906713485717773,0.06556969881057739
3972,-16.791234970092773,0.10118407011032104
3973,-17.194494247436523,0.05107056349515915
3974,-17.06285285949707,0.028529711067676544
3975,-17.229938507080078,0.00912851095199585
3976,-17.6015567779541,0.04326839745044708
3977,-17.649545669555664,0.3140719532966614
3978,-17.1835880279541,0.014129742980003357
3979,-15.158937454223633,0.044309698045253754
3980,-15.103195190429688,0.06015205383300781
3981,-15.103195190429688,0.06015205383300781
3982,-15.62132740020752,0.031928688287734985
3983,-16.140108108520508,0.3656395673751831
3984,-15.147588729858398,0.0411711111664772
3985,-15.147588729858398,0.0411711111664772
3986,-15.515061378479004,0.024926330894231796
3987,-15.738975524902344,0.04437313228845596
3988,-16.076446533203125,0.06288234144449234
3989,-16.0814266204834,0.04862544685602188
3990,-15.760117530822754,0.03475647047162056
3991,-16.223876953125,0.2053554207086563
3992,-16.696863174438477,0.4936944246292114
3993,-15.98515796661377,0.019289642572402954
3994,-16.0965518951416,0.022547326982021332
3995,-15.779874801635742,0.043717533349990845
3996,-15.487817764282227,0.08731827139854431
3997,-15.133210182189941,0.03669163957238197
3998,-15.077512741088867,0.09010172635316849
3999,-15.412033081054688,0.02145451307296753
4000,-15.147588729858398,0.0411711111664772
4001,-15.147588729858398,0.0411711111664772
4002,-15.147588729858398,0.0411711111664772
4003,-15.195050239562988,0.02282542735338211
4004,-15.147588729858398,0.0411711111664772
4005,-15.18986701965332,0.03670811653137207
4006,-15.23290729522705,0.021240513771772385
4007,-15.147588729858398,0.0411711111664772
4008,-15.147588729858398,0.0411711111664772
4009,-15.18986701965332,0.03670811653137207
4010,-15.147588729858398,0.0411711111664772
4011,-15.18986701965332,0.03670811653137207
4012,-15.147588729858398,0.0411711111664772
4013,-15.18986701965332,0.03670811653137207
4014,-15.147588729858398,0.0411711111664772
4015,-15.147588729858398,0.0411711111664772
4016,-15.147588729858398,0.0411711111664772
4017,-15.244766235351562,0.020397741347551346
4018,-15.147588729858398,0.0411711111664772
4019,-15.147588729858398,0.0411711111664772
4020,-15.195050239562988,0.02282542735338211
4021,-15.147588729858398,0.0411711111664772
4022,-15.147588729858398,0.0411711111664772
4023,-15.195050239562988,0.02282542735338211
4024,-15.18986701965332,0.03670811653137207
4025,-15.147588729858398,0.0411711111664772
4026,-15.18986701965332,0.03670811653137207
4027,-15.147588729858398,0.0411711111664772
4028,-15.147588729858398,0.0411711111664772
4029,-17.113967895507812,0.00858382135629654
4030,-17.17635154724121,0.0751759484410286
4031,-16.996238708496094,0.12680086493492126
4032,-17.041431427001953,0.17309290170669556
4033,-16.9647274017334,0.11633335053920746
4034,-16.9695987701416,0.10594859719276428
4035,-16.986831665039062,0.12115313857793808
4036,-16.966190338134766,0.1108681708574295
4037,-16.9504451751709,0.10251819342374802
4038,-16.949180603027344,0.10317887365818024
4039,-16.933815002441406,0.11848106980323792
4040,-16.947071075439453,0.10548017919063568
4041,-16.94491195678711,0.1071033850312233
4042,-16.941396713256836,0.10848850011825562
4043,-17.1098575592041,0.051935382187366486
4044,-17.053577423095703,0.06380525231361389
4045,-17.24757194519043,0.024765536189079285
4046,-16.92995262145996,0.10862985998392105
4047,-16.90055274963379,0.11776570975780487
4048,-16.879337310791016,0.12474597990512848
4049,-17.126882553100586,0.0409466028213501
4050,-17.083385467529297,0.0705074891448021
4051,-17.066869735717773,0.04819052666425705
4052,-17.049278259277344,0.04769477620720863
4053,-17.2820987701416,0.028712928295135498
4054,-17.03372573852539,0.08246637135744095
4055,-17.0372257232666,0.04495611414313316
4056,-17.03033447265625,0.04522809013724327
4057,-17.02309799194336,0.08259232342243195
4058,-17.224205017089844,0.02352086454629898
4059,-17.239906311035156,0.027172334492206573
4060,-17.434181213378906,0.2002144306898117
4061,-17.19085693359375,0.009194791316986084
4062,-17.118955612182617,0.07146070152521133
4063,-16.78369903564453,0.13109973073005676
4064,-16.759511947631836,0.09136427938938141
4065,-16.777175903320312,0.14406393468379974
4066,-17.470703125,0.019359365105628967
4067,-17.642351150512695,0.21815218031406403
4068,-17.28926658630371,0.025298278778791428
4069,-17.110429763793945,0.00372469425201416
4070,-17.10526466369629,0.037866875529289246
4071,-16.969411849975586,0.1378455013036728
4072,-17.15943145751953,0.07573774456977844
4073,-17.253305435180664,0.020046480000019073
4074,-17.17400550842285,0.043574992567300797
4075,-17.434764862060547,0.015604257583618164
4076,-17.71330451965332,0.21769201755523682
4077,-17.28347396850586,0.059826627373695374
4078,-17.11626434326172,0.08032934367656708
4079,-16.942182540893555,0.11012031137943268
4080,-16.899330139160156,0.06668354570865631
4081,-16.902969360351562,0.07331961393356323
4082,-16.927671432495117,0.08881111443042755
4083,-16.89358901977539,0.07142655551433563
4084,-16.887470245361328,0.07054673135280609
4085,-16.888565063476562,0.05983090028166771
4086,-16.873228073120117,0.06859259307384491
4087,-16.8649845123291,0.06766834855079651
4088,-16.863208770751953,0.07265203446149826
4089,-16.84696388244629,0.06596186757087708
4090,-17.169713973999023,0.04318712651729584
4091,-17.327157974243164,0.19921007752418518
4092,-17.080873489379883,0.15876953303813934
4093,-16.83576202392578,0.13714107871055603
4094,-16.845455169677734,0.10985498875379562
4095,-16.836502075195312,0.10853929817676544
4096,-16.826467514038086,0.10722633451223373
4097,-16.817062377929688,0.1059957817196846
4098,-16.806699752807617,0.10452704131603241
4099,-16.79677391052246,0.10304360091686249
4100,-16.799816131591797,0.1326446384191513
4101,-16.774988174438477,0.09316733479499817
4102,-16.783666610717773,0.14175105094909668
4103,-16.715999603271484,0.11859004199504852
4104,-16.701223373413086,0.11700858175754547
4105,-16.76103401184082,0.14712560176849365
4106,-17.032054901123047,0.16074836254119873
4107,-16.98356819152832,0.1283760517835617
4108,-17.582956314086914,0.2242903709411621
4109,-17.082834243774414,0.013024665415287018
4110,-17.07352066040039,0.02864934876561165
4111,-17.032928466796875,0.034204233437776566
4112,-17.349306106567383,0.08339133858680725
4113,-17.48261260986328,0.2136504054069519
4114,-16.968605041503906,0.10980086773633957
4115,-16.96430015563965,0.09868661314249039
4116,-17.154783248901367,0.06809227168560028
4117,-17.074018478393555,0.049192238599061966
4118,-17.006370544433594,0.07425007224082947
4119,-16.973325729370117,0.12059848010540009
4120,-16.93792724609375,0.10317227244377136
4121,-17.20209503173828,0.02891584485769272
4122,-16.936315536499023,0.13777509331703186
4123,-16.925243377685547,0.14191403985023499
4124,-16.906871795654297,0.11802918463945389
4125,-17.118785858154297,0.060014933347702026
4126,-16.895915985107422,0.12572486698627472
4127,-17.12428092956543,0.041634395718574524
4128,-17.60958480834961,0.0412362739443779
4129,-17.88241195678711,0.2604244351387024
4130,-17.4250545501709,0.04258105158805847
4131,-17.125612258911133,0.07463114708662033
4132,-16.88861846923828,0.05828249081969261
4133,-16.86276626586914,0.067464679479599
4134,-16.85403060913086,0.06666231155395508
4135,-17.324113845825195,0.0809144526720047
4136,-17.32765769958496,0.1978105902671814
4137,-16.853961944580078,0.1346305012702942
4138,-16.848936080932617,0.13532398641109467
4139,-16.858848571777344,0.1129559651017189
4140,-16.8359375,0.12601704895496368
4141,-16.850675582885742,0.11106359958648682
4142,-16.846294403076172,0.11004942655563354
4143,-17.089746475219727,0.03230518102645874
4144,-17.04676628112793,0.04819304496049881
4145,-17.2369441986084,0.009533897042274475
4146,-16.973554611206055,0.07174453139305115
4147,-17.164030075073242,0.032659947872161865
4148,-17.369384765625,0.01578749716281891
4149,-17.416099548339844,0.22355251014232635
4150,-16.792156219482422,0.061349738389253616
4151,-16.789825439453125,0.0601716972887516
4152,-16.835372924804688,0.011037342250347137
4153,-16.78622055053711,0.05269360914826393
4154,-16.782264709472656,0.05202426388859749
4155,-16.786785125732422,0.02199927717447281
4156,-17.139610290527344,0.1036088615655899
4157,-17.512338638305664,0.28372055292129517
4158,-17.468856811523438,0.1003921777009964
4159,-16.98752784729004,0.14982955157756805
4160,-16.72543716430664,0.08974882960319519
4161,-16.76999282836914,0.145731583237648
4162,-16.736764907836914,0.1262907087802887
4163,-16.71345329284668,0.08961766958236694
4164,-16.832204818725586,0.15265274047851562
4165,-16.722665786743164,0.1240607351064682
4166,-17.010906219482422,0.13275444507598877
4167,-17.292327880859375,0.02933502197265625
4168,-17.298694610595703,0.018241308629512787
4169,-17.279796600341797,0.06352274119853973
4170,-17.370723724365234,0.02609330415725708
4171,-17.305269241333008,0.032282352447509766
4172,-17.529273986816406,0.015976808965206146
4173,-17.496105194091797,0.01982753723859787
4174,-17.94012451171875,0.2552856206893921
4175,-17.45679473876953,0.07887349277734756
4176,-17.2740421295166,0.07807883620262146
4177,-17.117185592651367,0.08216992020606995
4178,-16.976707458496094,0.0906786397099495
4179,-16.929819107055664,0.07468079030513763
4180,-16.92740821838379,0.07444201409816742
4181,-16.924833297729492,0.07413450628519058
4182,-16.955820083618164,0.0932978019118309
4183,-16.902250289916992,0.06820271909236908
4184,-16.90923500061035,0.07417775690555573
4185,-16.904909133911133,0.07371100783348083
4186,-17.47154998779297,0.1290595531463623
4187,-17.52574348449707,0.24155405163764954
4188,-17.203975677490234,0.1560124158859253
4189,-16.91592025756836,0.11381857842206955
4190,-16.89460563659668,0.1303551346063614
4191,-16.905536651611328,0.11519601196050644
4192,-16.88100242614746,0.13170263171195984
4193,-16.89297103881836,0.11648454517126083
4194,-17.11164093017578,0.050510652363300323
4195,-17.49101448059082,0.0073206424713134766
4196,-17.735004425048828,0.3044147491455078
4197,-17.109561920166016,0.06316286325454712
4198,-17.06776237487793,0.04508180916309357
4199,-17.169788360595703,0.032319746911525726
4200,-16.827733993530273,0.062499579042196274
4201,-16.823802947998047,0.061940278857946396
4202,-17.247737884521484,0.09917378425598145
4203,-17.548738479614258,0.27726563811302185
4204,-17.53314971923828,0.1646592617034912
4205,-17.495595932006836,0.07892602682113647
4206,-17.41278839111328,0.05721532553434372
4207,-17.3895263671875,0.029690921306610107
4208,-17.849632263183594,0.27229049801826477
4209,-18.02882194519043,0.1964341253042221
4210,-17.734708786010742,0.30822330713272095
4211,-17.183265686035156,0.1776275634765625
4212,-16.78252410888672,0.14216482639312744
4213,-17.073162078857422,0.022331461310386658
4214,-17.23377227783203,0.009447768330574036
4215,-17.691158294677734,0.3357657790184021
4216,-17.319860458374023,0.01189565658569336
4217,-16.768009185791016,0.049677055329084396
4218,-16.778600692749023,0.051519621163606644
4219,-17.267608642578125,0.13576164841651917
4220,-18.085315704345703,0.3228667974472046
4221,-17.21607780456543,0.10110568255186081
4222,-17.142648696899414,0.07365521788597107
4223,-17.011613845825195,0.12818172574043274
4224,-16.93537712097168,0.1147320419549942
4225,-16.98361587524414,0.12866204977035522
4226,-16.982206344604492,0.1225009560585022
4227,-16.987642288208008,0.1264720857143402
4228,-17.03773307800293,0.17218437790870667
4229,-16.958656311035156,0.10091666877269745
4230,-17.154191970825195,0.04814211279153824
4231,-17.316017150878906,0.018062099814414978
4232,-17.47384262084961,0.020935222506523132
4233,-17.944149017333984,0.295163631439209
4234,-17.15325927734375,0.05662553757429123
4235,-17.149921417236328,0.06761417537927628
4236,-16.957889556884766,0.09299852699041367
4237,-16.91636085510254,0.07415799796581268
4238,-16.91141700744629,0.07417154312133789
4239,-16.917156219482422,0.0873604267835617
4240,-16.902711868286133,0.07326750457286835
4241,-16.89893913269043,0.0725061297416687
4242,-16.895078659057617,0.07172711193561554
4243,-16.89116859436035,0.07098935544490814
4244,-16.89765167236328,0.08650553971529007
4245,-16.888566970825195,0.059727538377046585
4246,-16.873329162597656,0.06861008703708649
4247,-16.888935089111328,0.05770821496844292
4248,-16.85901641845703,0.06712014973163605
4249,-16.85117530822754,0.06639616191387177
4250,-16.89371681213379,0.048731014132499695
4251,-16.841035842895508,0.0652426928281784
4252,-16.84623146057129,0.07580340653657913
4253,-16.832962036132812,0.06360185146331787
4254,-16.828792572021484,0.06269817054271698
4255,-16.869365692138672,0.033536769449710846
4256,-17.249834060668945,0.09844280779361725
4257,-17.322465896606445,0.2109677791595459
4258,-16.831809997558594,0.10792537033557892
4259,-16.843576431274414,0.13730226457118988
4260,-16.81617546081543,0.10587962716817856
4261,-16.809350967407227,0.13413512706756592
4262,-17.091678619384766,0.03165385127067566
4263,-17.253826141357422,0.01797880232334137
4264,-18.118457794189453,0.42352256178855896
4265,-17.058664321899414,0.020060673356056213
4266,-16.786283493041992,0.05270726606249809
4267,-16.78374481201172,0.05624258145689964
4268,-16.777563095092773,0.05157293751835823
4269,-16.773813247680664,0.05093858763575554
4270,-16.779438018798828,0.05228715017437935
4271,-15.464926719665527,0.038045573979616165
4272,-15.917651176452637,0.07534423470497131
4273,-16.07903480529785,0.04174866899847984
4274,-16.29450798034668,0.011035114526748657
4275,-17.038806915283203,0.14269134402275085
4276,-16.30974769592285,0.07650259137153625
4277,-16.28097152709961,0.11896400153636932
4278,-15.980794906616211,0.3027942180633545
4279,-17.082834243774414,0.013024665415287018
4280,-17.08067512512207,0.012920275330543518
4281,-17.061859130859375,0.02228163182735443
4282,-17.082834243774414,0.013024665415287018
4283,-17.293407440185547,0.041292883455753326
4284,-17.75397300720215,0.306262344121933
4285,-17.23348045349121,0.14254775643348694
4286,-16.960773468017578,0.11556187272071838
4287,-16.97310447692871,0.13449719548225403
4288,-16.960386276245117,0.1006404384970665
4289,-16.95403480529785,0.10154250264167786
4290,-16.95230484008789,0.11417106539011002
4291,-16.94895362854004,0.10329630225896835
4292,-16.947677612304688,0.1042596846818924
4293,-17.289724349975586,0.02066950500011444
4294,-17.290781021118164,0.039030298590660095
4295,-17.44558334350586,0.018776558339595795
4296,-18.26767349243164,0.300514280796051
4297,-17.447816848754883,0.04286815598607063
4298,-17.27155303955078,0.025164302438497543
4299,-17.006364822387695,0.02969059720635414
4300,-17.023754119873047,0.05169462412595749
4301,-16.991153717041016,0.06458161771297455
4302,-17.401893615722656,0.0643809586763382
4303,-17.434410095214844,0.2256259024143219
4304,-17.28607177734375,0.11764810234308243
4305,-17.001890182495117,0.1266256421804428
4306,-17.277786254882812,0.07686332613229752
4307,-17.150665283203125,0.07702996581792831
4308,-17.116601943969727,0.053521718829870224
4309,-17.064233779907227,0.050092700868844986
4310,-17.24753761291504,0.0195925310254097
4311,-17.452354431152344,0.021222472190856934
4312,-17.76376724243164,0.24889639019966125
4313,-17.172225952148438,0.05175771564245224
4314,-17.15082550048828,0.06804479658603668
4315,-17.149953842163086,0.06789209693670273
4316,-17.381948471069336,0.06214992702007294
4317,-17.601497650146484,0.24577602744102478
4318,-16.9418888092041,0.10832525044679642
4319,-16.938678741455078,0.10945358872413635
4320,-17.28769302368164,0.021435067057609558
4321,-17.31000328063965,0.016665220260620117
4322,-17.075851440429688,0.05785974860191345
4323,-17.471078872680664,0.03570207953453064
4324,-17.90974998474121,0.3270680904388428
4325,-17.58318519592285,0.0901014506816864
4326,-17.571090698242188,0.19823956489562988
4327,-17.302509307861328,0.01578681170940399
4328,-17.15009117126465,0.07571996748447418
4329,-16.861251831054688,0.1336367279291153
4330,-16.855728149414062,0.13438692688941956
4331,-17.117074966430664,0.05084860324859619
4332,-17.307193756103516,0.03548835217952728
4333,-17.296293258666992,0.011154145002365112
4334,-17.265790939331055,0.02864551544189453
4335,-17.846967697143555,0.13715697824954987
4336,-18.093650817871094,0.4017466902732849
4337,-17.375242233276367,0.04492778331041336
4338,-17.22964096069336,0.04549936205148697
4339,-17.216480255126953,0.03187984228134155
4340,-17.312461853027344,0.027160879224538803
4341,-17.258121490478516,0.021701432764530182
4342,-17.25764274597168,0.01847226917743683
4343,-17.017484664916992,0.03741711005568504
4344,-17.027563095092773,0.045730672776699066
4345,-17.00301170349121,0.06021939218044281
4346,-16.987918853759766,0.06898056715726852
4347,-16.95700454711914,0.07561028748750687
4348,-16.967172622680664,0.0676131546497345
4349,-16.932056427001953,0.07456965744495392
4350,-16.928302764892578,0.07455320656299591
4351,-16.923460006713867,0.07413832098245621
4352,-16.91541862487793,0.07416053861379623
4353,-16.9075870513916,0.07418224960565567
4354,-17.274702072143555,0.06287914514541626
4355,-17.54103660583496,0.24684348702430725
4356,-17.180862426757812,0.15201468765735626
4357,-17.17730712890625,0.15403889119625092
4358,-16.88051414489746,0.13175104558467865
4359,-16.889116287231445,0.11600630730390549
4360,-17.108182907104492,0.04960140585899353
4361,-17.294565200805664,0.012293592095375061
4362,-17.047517776489258,0.05704885721206665
4363,-17.00599479675293,0.09199286997318268
4364,-16.963260650634766,0.10034770518541336
4365,-17.61850929260254,0.09769110381603241
4366,-17.666419982910156,0.29295092821121216
4367,-17.226848602294922,0.03519289940595627
4368,-17.053892135620117,0.02552342414855957
4369,-16.789304733276367,0.031341008841991425
4370,-16.791959762573242,0.05395817384123802
4371,-16.785310745239258,0.05249296501278877
4372,-16.778759002685547,0.05168772116303444
4373,-16.786670684814453,0.02077125757932663
4374,-17.660978317260742,0.21270227432250977
4375,-17.550926208496094,0.31817954778671265
4376,-17.127470016479492,0.1648150086402893
4377,-16.70058822631836,0.08950944244861603
4378,-17.24061393737793,0.01036505401134491
4379,-17.46280860900879,0.2777103781700134
4380,-17.395397186279297,0.12787915766239166
4381,-17.26140785217285,0.24342404305934906
4382,-16.6912899017334,0.08943131566047668
4383,-17.037334442138672,0.12350760400295258
4384,-17.009946823120117,0.1341293603181839
4385,-17.00780487060547,0.12756305932998657
4386,-17.563987731933594,0.010530248284339905
4387,-17.59136199951172,0.013894684612751007
4388,-17.53067398071289,0.015395939350128174
4389,-17.42215347290039,0.02108065038919449
4390,-17.646953582763672,0.1988081932067871
4391,-17.27471351623535,0.08059608191251755
4392,-17.251476287841797,0.07568393647670746
4393,-17.257709503173828,0.18346434831619263
4394,-16.95144271850586,0.11632887274026871
4395,-16.944034576416016,0.10753163695335388
4396,-17.312984466552734,0.04093043506145477
4397,-17.304039001464844,0.01635424792766571
4398,-17.047937393188477,0.06554540991783142
4399,-17.253305435180664,0.048022665083408356
4400,-17.41935920715332,0.014398112893104553
4401,-17.188188552856445,0.03591667860746384
4402,-17.127532958984375,0.06461125612258911
4403,-17.124826431274414,0.041982799768447876
4404,-17.083526611328125,0.07095737755298615
4405,-17.072509765625,0.07414479553699493
4406,-17.354951858520508,0.007809795439243317
4407,-17.300691604614258,0.027197949588298798
4408,-17.277856826782227,0.03021855652332306
4409,-17.570682525634766,0.0428980216383934
4410,-17.830476760864258,0.28212302923202515
4411,-17.345964431762695,0.011973321437835693
4412,-17.31955337524414,0.13642330467700958
4413,-17.059473037719727,0.031394943594932556
4414,-17.084033966064453,0.027491897344589233
4415,-17.081626892089844,0.02623206377029419
4416,-17.24009895324707,0.012115076184272766
4417,-17.674169540405273,0.3053199052810669
4418,-17.039146423339844,0.013082876801490784
4419,-17.158735275268555,0.11405904591083527
4420,-17.269258499145508,0.23223111033439636
4421,-15.077512741088867,0.09010172635316849
4422,-15.198488235473633,0.06718870252370834
4423,-15.497849464416504,0.03642008453607559
4424,-15.977851867675781,0.30164486169815063
4425,-15.515411376953125,0.005851119756698608
4426,-15.497827529907227,0.010392658412456512
4427,-17.082834243774414,0.013024665415287018
4428,-17.17725372314453,0.005484201014041901
4429,-17.50180435180664,0.14856193959712982
4430,-17.118335723876953,0.0538366362452507
4431,-17.345979690551758,0.02522500604391098
4432,-17.497173309326172,0.021848350763320923
4433,-17.757286071777344,0.23380765318870544
4434,-17.40713119506836,0.08579203486442566
4435,-17.268983840942383,0.0849907398223877
4436,-17.133033752441406,0.07969402521848679
4437,-16.926803588867188,0.06821970641613007
4438,-16.919845581054688,0.06775282323360443
4439,-16.960094451904297,0.09267984330654144
4440,-16.9036865234375,0.06868109107017517
4441,-17.456941604614258,0.1115252822637558
4442,-17.55035400390625,0.25077322125434875
4443,-17.18705940246582,0.14507153630256653
4444,-17.134761810302734,0.13507674634456635
4445,-17.112346649169922,0.051765382289886475
4446,-17.297731399536133,0.015124127268791199
4447,-17.23948097229004,0.02412416785955429
4448,-17.20887565612793,0.034419089555740356
4449,-17.60603904724121,0.059868380427360535
4450,-17.927648544311523,0.30968958139419556
4451,-17.598474502563477,0.05794355645775795
4452,-17.58455467224121,0.07686811685562134
4453,-17.429903030395508,0.03999511897563934
4454,-17.501968383789062,0.2433149814605713
4455,-17.17750358581543,0.1863557994365692
4456,-16.847583770751953,0.11034809052944183
4457,-17.27834701538086,0.020269736647605896
4458,-17.074556350708008,0.07142100483179092
4459,-17.237979888916016,0.010528221726417542
4460,-17.895051956176758,0.36515939235687256
4461,-17.371929168701172,0.032119184732437134
4462,-17.218669891357422,0.027208521962165833
4463,-17.40358543395996,0.0065610408782958984
4464,-17.448928833007812,0.17963525652885437
4465,-17.44258689880371,0.06022019684314728
4466,-17.71516227722168,0.32934436202049255
4467,-16.823081970214844,0.01018555462360382
4468,-16.780101776123047,0.05289850011467934
4469,-16.77115821838379,0.05027596279978752
4470,-17.529067993164062,0.18504585325717926
4471,-17.529111862182617,0.3016068935394287
4472,-17.024394989013672,0.14683644473552704
4473,-17.264019012451172,0.011749863624572754
4474,-17.497718811035156,0.2946205139160156
4475,-17.026582717895508,0.00760573148727417
4476,-17.165496826171875,0.12271435558795929
4477,-17.657386779785156,0.28185611963272095
4478,-17.003633499145508,0.1349296271800995
4479,-16.96212387084961,0.1321859508752823
4480,-17.33563232421875,0.03246554732322693
4481,-17.427013397216797,0.01671081781387329
4482,-17.319210052490234,0.03086269646883011
4483,-17.910797119140625,0.06073615700006485
4484,-18.132707595825195,0.280400812625885
4485,-17.273515701293945,0.0879243016242981
4486,-17.235307693481445,0.06918530911207199
4487,-17.243934631347656,0.06418873369693756
4488,-17.00037956237793,0.06322583556175232
4489,-16.97202491760254,0.09095555543899536
4490,-17.27121353149414,0.05684611201286316
4491,-17.77433967590332,0.2937418520450592
4492,-17.367399215698242,0.07613774389028549
4493,-17.387109756469727,0.11342444270849228
4494,-17.297250747680664,0.037481293082237244
4495,-17.473546981811523,0.028932318091392517
4496,-17.89402198791504,0.30008918046951294
4497,-17.597320556640625,0.08705084770917892
4498,-17.40420150756836,0.06907467544078827
4499,-17.12757682800293,0.07006236910820007
4500,-16.869272232055664,0.06806215643882751
4501,-17.285219192504883,0.07640385627746582
4502,-17.46993064880371,0.18453973531723022
4503,-17.09547233581543,0.043950676918029785
4504,-17.072065353393555,0.05004790425300598
4505,-17.048847198486328,0.05635813623666763
4506,-17.22690200805664,0.016410604119300842
4507,-17.610301971435547,0.08612748980522156
4508,-18.073163986206055,0.37381958961486816
4509,-17.720842361450195,0.10377994924783707
4510,-17.37126922607422,0.04420865327119827
4511,-17.048362731933594,0.027989506721496582
4512,-17.221120834350586,0.11300277709960938
4513,-17.30219078063965,0.22461843490600586
4514,-16.794546127319336,0.1378145068883896
4515,-16.77509117126465,0.09319902956485748
4516,-17.082584381103516,0.029035836458206177
4517,-17.275480270385742,0.023838117718696594
4518,-17.23082733154297,0.00863523781299591
4519,-17.384578704833984,0.025842085480690002
4520,-17.645679473876953,0.3163115382194519
4521,-15.995418548583984,0.015033748000860214
4522,-15.486308097839355,0.08716097474098206
4523,-15.103195190429688,0.06015205383300781
4524,-15.158937454223633,0.044309698045253754
4525,-15.133210182189941,0.03669163957238197
4526,-15.077512741088867,0.09010172635316849
4527,-15.077512741088867,0.09010172635316849
4528,-15.614648818969727,0.02722388505935669
4529,-15.863141059875488,0.13410867750644684
4530,-16.402456283569336,0.4232543706893921
4531,-17.366565704345703,0.04968944936990738
4532,-17.073162078857422,0.028696659952402115
4533,-17.03575897216797,0.03403759375214577
4534,-17.34078598022461,0.08826658129692078
4535,-17.498432159423828,0.2167101502418518
4536,-16.966983795166016,0.11369132250547409
4537,-16.977684020996094,0.1302691400051117
4538,-17.2711238861084,0.018633991479873657
4539,-17.297080993652344,0.029282093048095703
4540,-17.473587036132812,0.01956113427877426
4541,-17.764541625976562,0.25199466943740845
4542,-17.5385684967041,0.07739125192165375
4543,-17.320852279663086,0.03228985518217087
4544,-17.274906158447266,0.06068345159292221
4545,-17.111623764038086,0.004598654806613922
4546,-17.11796760559082,0.0394563302397728
4547,-16.968746185302734,0.10924672335386276
4548,-16.982563018798828,0.1254509836435318
4549,-17.27472686767578,0.018243655562400818
4550,-17.141929626464844,0.07354764640331268
4551,-17.080984115600586,0.05121732875704765
4552,-17.47050666809082,0.013762414455413818
4553,-17.467397689819336,0.017890147864818573
4554,-17.956573486328125,0.29144880175590515
4555,-17.4844970703125,0.04048355668783188
4556,-17.4414119720459,0.06573419272899628
4557,-17.456764221191406,0.013909786939620972
4558,-17.43401336669922,0.18957242369651794
4559,-17.2879695892334,0.02126637101173401
4560,-17.095680236816406,0.0515933483839035
4561,-17.292200088500977,0.014768525958061218
4562,-17.249908447265625,0.020615726709365845
4563,-17.21190071105957,0.05754709243774414
4564,-17.60862159729004,0.06384541094303131
4565,-17.91286277770996,0.31557464599609375
4566,-17.584476470947266,0.0796678215265274
4567,-17.249658584594727,0.06618498265743256
4568,-17.367748260498047,0.020170308649539948
4569,-17.216501235961914,0.04348120838403702
4570,-17.265127182006836,0.06158831715583801
4571,-17.67672348022461,0.2654099762439728
4572,-17.280759811401367,0.11398255825042725
4573,-16.819833755493164,0.13369084894657135
4574,-17.10196304321289,0.06411689519882202
4575,-17.271072387695312,0.017865881323814392
4576,-17.92140007019043,0.3835816979408264
4577,-17.216611862182617,0.01783837378025055
4578,-17.204368591308594,0.011638715863227844
4579,-17.23299217224121,0.035105496644973755
4580,-17.38435173034668,0.22377753257751465
4581,-16.72998046875,0.0899689644575119
4582,-17.19515037536621,0.03947471082210541
4583,-17.037057876586914,0.06769128143787384
4584,-17.016277313232422,0.07306629419326782
4585,-17.429439544677734,0.05070483684539795
4586,-17.66099739074707,0.32449883222579956
4587,-17.18185806274414,0.012223288416862488
4588,-17.45334815979004,0.055467359721660614
4589,-17.23674964904785,0.02483515441417694
4590,-17.31614875793457,0.1181272491812706
4591,-17.050033569335938,0.11568000912666321
4592,-17.320838928222656,0.026219047605991364
4593,-17.37123680114746,0.026872508227825165
4594,-17.57624053955078,0.018083296716213226
4595,-17.874853134155273,0.24220193922519684
4596,-17.40079116821289,0.04368434473872185
4597,-17.225830078125,0.045076485723257065
4598,-17.418277740478516,0.07414610683917999
4599,-17.42222785949707,0.1624484658241272
4600,-16.953401565551758,0.10167048871517181
4601,-17.15272331237793,0.05005995184183121
4602,-17.308177947998047,0.019007816910743713
4603,-17.47928810119629,0.023864254355430603
4604,-17.754226684570312,0.26949673891067505
4605,-17.289194107055664,0.05123165249824524
4606,-17.136680603027344,0.07016584277153015
4607,-17.130931854248047,0.06653153896331787
4608,-17.334877014160156,0.05000317096710205
4609,-17.904932022094727,0.31165993213653564
4610,-17.19244956970215,0.15347367525100708
4611,-17.124860763549805,0.05363976210355759
4612,-17.619489669799805,0.039615556597709656
4613,-17.55124282836914,0.25305330753326416
4614,-17.11614990234375,0.06468655169010162
4615,-17.28307342529297,0.08082622289657593
4616,-17.31716537475586,0.19356873631477356
4617,-17.244966506958008,0.16858962178230286
4618,-17.115434646606445,0.05025704205036163
4619,-17.470718383789062,0.017582431435585022
4620,-17.732593536376953,0.3193296194076538
4621,-17.204904556274414,0.03571438044309616
4622,-17.395803451538086,0.09540878236293793
4623,-17.369260787963867,0.21526050567626953
4624,-16.798786163330078,0.12502062320709229
4625,-16.808677673339844,0.1342085301876068
4626,-17.29075813293457,0.009446889162063599
4627,-17.449174880981445,0.022434428334236145
4628,-17.888763427734375,0.37126898765563965
4629,-17.39834213256836,0.014151319861412048
4630,-17.285253524780273,0.054830193519592285
4631,-17.454660415649414,0.05333486199378967
4632,-17.70391082763672,0.2815028429031372
4633,-17.73370933532715,0.2047647386789322
4634,-16.34083366394043,0.014577694237232208
4635,-16.549924850463867,0.07324610650539398
4636,-16.688247680664062,0.0479087233543396
4637,-16.04832649230957,0.0192393958568573
4638,-16.14236831665039,0.3666050434112549
4639,-15.493099212646484,0.009985838085412979
4640,-15.379265785217285,0.028757164254784584
4641,-15.464926719665527,0.038045573979616165
4642,-15.699207305908203,0.03196544200181961
4643,-15.765780448913574,0.07682839035987854
4644,-15.880448341369629,0.08783656358718872
4645,-16.29450798034668,0.011035114526748657
4646,-16.376235961914062,0.02517346292734146
4647,-16.848480224609375,0.04632695019245148
4648,-16.93600082397461,0.34291189908981323
4649,-15.850714683532715,0.06889811158180237
4650,-15.103195190429688,0.06015205383300781
4651,-15.414505004882812,0.07580479979515076
4652,-15.834606170654297,0.10101728141307831
4653,-16.000810623168945,0.0325160026550293
4654,-16.204814910888672,0.2701237201690674
4655,-15.147588729858398,0.0411711111664772
4656,-15.195050239562988,0.02282542735338211
4657,-15.18986701965332,0.03670811653137207
4658,-15.445642471313477,0.04309140145778656
4659,-15.698347091674805,0.011899270117282867
4660,-15.887038230895996,0.0952802523970604
4661,-16.30299949645996,0.04134085401892662
4662,-17.001697540283203,0.11073964834213257
4663,-16.38534164428711,0.04075805842876434
4664,-16.665388107299805,0.03383825719356537
4665,-16.912904739379883,0.4116094708442688
4666,-15.65498161315918,0.024477578699588776
4667,-15.797863006591797,0.03783456236124039
4668,-15.599830627441406,0.09011982381343842
4669,-15.944371223449707,0.06891810148954391
4670,-16.222084045410156,0.11722193658351898
4671,-16.830127716064453,0.43403297662734985
4672,-15.401139259338379,0.026660136878490448
4673,-15.195050239562988,0.02282542735338211
4674,-15.23290729522705,0.021240513771772385
4675,-15.147588729858398,0.0411711111664772
4676,-15.402254104614258,0.05444454401731491
4677,-15.691207885742188,0.002584420144557953
4678,-16.07331085205078,0.08944633603096008
4679,-16.504243850708008,0.006309323012828827
4680,-17.300331115722656,0.12426091730594635
4681,-16.959421157836914,0.013551026582717896
4682,-17.03935432434082,0.34066903591156006
4683,-15.90517520904541,0.08383705466985703
4684,-15.323704719543457,0.08599454909563065
4685,-17.64544105529785,0.10564685612916946
4686,-17.657655715942383,0.00785517692565918
4687,-17.62729263305664,0.010015733540058136
4688,-17.647192001342773,0.028902322053909302
4689,-18.067363739013672,0.2659297585487366
4690,-17.841167449951172,0.01534164696931839
4691,-18.264745712280273,0.23100310564041138
4692,-17.518299102783203,0.018114760518074036
4693,-18.03615379333496,0.2269050031900406
4694,-18.176942825317383,0.15784303843975067
4695,-17.54977035522461,0.14951828122138977
4696,-17.200742721557617,0.08262275904417038
4697,-16.9608097076416,0.1123923510313034
4698,-17.250032424926758,0.11913581192493439
4699,-16.947280883789062,0.10474230349063873
4700,-16.94912338256836,0.11735277622938156
4701,-17.084163665771484,0.14764566719532013
4702,-17.36862564086914,0.019369468092918396
4703,-17.36191749572754,0.03311280906200409
4704,-17.547138214111328,0.01574789732694626
4705,-18.350055694580078,0.3452213406562805
4706,-17.631866455078125,0.055286210030317307
4707,-17.30099868774414,0.06675384938716888
4708,-17.44599151611328,0.005163133144378662
4709,-17.570615768432617,0.08305878937244415
4710,-17.90047836303711,0.2989911437034607
4711,-17.379289627075195,0.06667466461658478
4712,-17.258281707763672,0.08915288746356964
4713,-17.11213493347168,0.05245561897754669
4714,-17.677114486694336,0.057339251041412354
4715,-17.751583099365234,0.24951380491256714
4716,-17.415315628051758,0.06950977444648743
4717,-17.426923751831055,0.02411012351512909
4718,-17.60685920715332,0.24441057443618774
4719,-17.467435836791992,0.1435551941394806
4720,-17.286623001098633,0.11251931637525558
4721,-17.647809982299805,0.029020041227340698
4722,-17.55875015258789,0.25392407178878784
4723,-17.226367950439453,0.05792522802948952
4724,-17.272790908813477,0.036048248410224915
4725,-17.33108139038086,0.19755986332893372
4726,-17.20572280883789,0.07593543082475662
4727,-17.013681411743164,0.13208401203155518
4728,-17.291776657104492,0.08126647770404816
4729,-17.35733413696289,0.030155576765537262
4730,-17.70087242126465,0.02535368502140045
4731,-18.26898193359375,0.3391144871711731
4732,-17.390209197998047,0.0909506306052208
4733,-17.423490524291992,0.013057522475719452
4734,-17.556058883666992,0.20829936861991882
4735,-17.15210723876953,0.050941288471221924
4736,-16.948266983032227,0.10365506261587143
4737,-17.281620025634766,0.020999327301979065
4738,-17.309377670288086,0.01819576323032379
4739,-17.461177825927734,0.02193489670753479
4740,-18.282617568969727,0.4025953412055969
4741,-17.433706283569336,0.06961715221405029
4742,-17.277677536010742,0.07339408993721008
4743,-17.35742950439453,0.05796008184552193
4744,-17.29408073425293,0.05877909064292908
4745,-17.756284713745117,0.26693594455718994
4746,-17.59459114074707,0.04153669625520706
4747,-17.593564987182617,0.015869691967964172
4748,-17.752246856689453,0.02519907057285309
4749,-18.08321762084961,0.3750079274177551
4750,-17.578088760375977,0.08985918760299683
4751,-17.65534210205078,0.09470267593860626
4752,-17.55666160583496,0.20217007398605347
4753,-17.17045021057129,0.11301922798156738
4754,-17.12562370300293,0.16915307939052582
4755,-17.199708938598633,0.14724388718605042
4756,-17.072532653808594,0.08028161525726318
4757,-17.48213768005371,0.032798439264297485
4758,-18.100576400756836,0.4152037501335144
4759,-17.382740020751953,0.00806620717048645
4760,-17.312604904174805,0.06927958875894547
4761,-16.7557315826416,0.12269647419452667
4762,-16.775962829589844,0.09358744323253632
4763,-16.85047149658203,0.1517048180103302
4764,-17.05257225036621,0.053094252943992615
4765,-17.47698402404785,0.024855807423591614
4766,-18.248538970947266,0.4162130057811737
4767,-17.357988357543945,0.017655909061431885
4768,-17.48414421081543,0.11317403614521027
4769,-17.642168045043945,0.15365293622016907
4770,-17.364070892333984,0.03180456906557083
4771,-17.28319549560547,0.014387175440788269
4772,-17.281463623046875,0.03046853095293045
4773,-17.27910041809082,0.00774809718132019
4774,-17.249786376953125,0.01526576280593872
4775,-17.915498733520508,0.3902372121810913
4776,-17.53678321838379,0.015556171536445618
4777,-17.231660842895508,0.04128916561603546
4778,-17.142807006835938,0.16989964246749878
4779,-17.01629638671875,0.14933538436889648
4780,-16.70071792602539,0.1169481873512268
4781,-17.00513458251953,0.06528863310813904
4782,-17.473649978637695,0.00988413393497467
4783,-17.920093536376953,0.3845759928226471
4784,-17.346248626708984,0.011670723557472229
4785,-17.32492446899414,0.011136919260025024
4786,-17.571802139282227,0.024799592792987823
4787,-17.452178955078125,0.2025308609008789
4788,-17.287012100219727,0.08625739067792892
4789,-17.33153533935547,0.03281915932893753
4790,-17.48682403564453,0.013722412288188934
4791,-17.811460494995117,0.04820447415113449
4792,-18.080995559692383,0.2891976833343506
4793,-17.525203704833984,0.07477802783250809
4794,-17.40342140197754,0.07020676881074905
4795,-17.15081024169922,0.07049960643053055
4796,-17.31744384765625,0.0326966792345047
4797,-17.592790603637695,0.21496477723121643
4798,-17.254154205322266,0.09530449658632278
4799,-17.20575714111328,0.10671041905879974
4800,-16.94430160522461,0.10740188509225845
4801,-17.302370071411133,0.019125983119010925
4802,-17.298084259033203,0.01690135896205902
4803,-17.648847579956055,0.06508199870586395
4804,-18.09335708618164,0.3593119978904724
4805,-17.793256759643555,0.08674728870391846
4806,-17.580486297607422,0.09671546518802643
4807,-17.253034591674805,0.06995299458503723
4808,-16.873661041259766,0.06866618990898132
4809,-17.08550262451172,0.053218793123960495
4810,-16.89270782470703,0.054315898567438126
4811,-16.849079132080078,0.06617988646030426
4812,-17.417736053466797,0.07425663620233536
4813,-17.446636199951172,0.19798561930656433
4814,-17.249032974243164,0.12347888201475143
4815,-17.260311126708984,0.06962969899177551
4816,-17.335506439208984,0.03164598345756531
4817,-17.333267211914062,0.020565107464790344
4818,-17.44550323486328,0.012120239436626434
4819,-17.816408157348633,0.083478182554245
4820,-18.10719108581543,0.30739545822143555
4821,-17.74936294555664,0.08893097937107086
4822,-17.73918914794922,0.10076795518398285
4823,-17.735214233398438,0.0717623233795166
4824,-17.81548309326172,0.2558651268482208
4825,-17.12031364440918,0.050799041986465454
4826,-17.32138442993164,0.03903131186962128
4827,-17.489503860473633,0.008708357810974121
4828,-17.835407257080078,0.10866016149520874
4829,-18.09108543395996,0.35840529203414917
4830,-17.45482635498047,0.03706124424934387
4831,-17.250301361083984,0.06867048144340515
4832,-17.225448608398438,0.05753852054476738
4833,-17.208526611328125,0.04506702721118927
4834,-17.398212432861328,0.20370855927467346
4835,-17.290180206298828,0.011548802256584167
4836,-17.24961280822754,0.014453664422035217
4837,-17.41118812561035,0.02487252652645111
4838,-17.88286018371582,0.33584874868392944
4839,-17.241424560546875,0.05648042634129524
4840,-17.22730827331543,0.04643833637237549
4841,-17.26313018798828,0.06919454038143158
4842,-17.586376190185547,0.25297752022743225
4843,-17.180824279785156,0.1918942630290985
4844,-17.133928298950195,0.11198703944683075
4845,-17.095890045166016,0.03636956214904785
4846,-17.071067810058594,0.024486422538757324
4847,-17.241586685180664,0.03065868467092514
4848,-17.197031021118164,0.01477038860321045
4849,-17.815675735473633,0.14025072753429413
4850,-17.84916114807129,0.35885608196258545
4851,-17.56485366821289,0.039318352937698364
4852,-17.561336517333984,0.03641700744628906
4853,-17.34027099609375,0.01073428988456726
4854,-17.788434982299805,0.2192809283733368
4855,-17.680248260498047,0.03144493326544762
4856,-17.588037490844727,0.012769587337970734
4857,-17.667072296142578,0.219802126288414
4858,-17.336206436157227,0.06312153488397598
4859,-17.667007446289062,0.10769761353731155
4860,-17.405929565429688,0.19162151217460632
4861,-16.969776153564453,0.10526784509420395
4862,-17.262470245361328,0.020580947399139404
4863,-17.149486541748047,0.043951615691185
4864,-17.316932678222656,0.019056789577007294
4865,-17.258249282836914,0.021888718008995056
4866,-17.468360900878906,0.017969943583011627
4867,-17.758516311645508,0.2501680254936218
4868,-17.448450088500977,0.06954026222229004
4869,-17.28807258605957,0.07505688816308975
4870,-17.152721405029297,0.05888882651925087
4871,-17.335561752319336,0.053568124771118164
4872,-17.58882713317871,0.23688986897468567
4873,-16.927074432373047,0.1417335718870163
4874,-16.915000915527344,0.11394333094358444
4875,-16.90841293334961,0.11483807116746902
4876,-17.240554809570312,0.05117635428905487
4877,-17.292394638061523,0.013419494032859802
4878,-17.444650650024414,0.0354498028755188
4879,-17.90597152709961,0.3094791769981384
4880,-17.39484977722168,0.0607268400490284
4881,-17.38011932373047,0.057312604039907455
4882,-17.09102439880371,0.04925907403230667
4883,-17.04273796081543,0.03736066073179245
4884,-17.12237548828125,0.0045680031180381775
4885,-16.815414428710938,0.060727592557668686
4886,-16.80864715576172,0.04447341710329056
4887,-16.808320999145508,0.05847996845841408
4888,-17.46327781677246,0.10472507774829865
4889,-17.42820167541504,0.19574564695358276
4890,-17.01488494873047,0.1287129521369934
4891,-16.986207962036133,0.13167713582515717
4892,-17.25739097595215,0.08649680763483047
4893,-17.349567413330078,0.02088012546300888
4894,-17.266279220581055,0.016457445919513702
4895,-17.449609756469727,0.021989859640598297
4896,-17.740371704101562,0.229767844080925
4897,-17.583316802978516,0.08627244085073471
4898,-17.282926559448242,0.07778359949588776
4899,-17.293004989624023,0.07177989184856415
4900,-17.46164321899414,0.026443183422088623
4901,-17.530879974365234,0.19753006100654602
4902,-17.138517379760742,0.05478239804506302
4903,-16.929271697998047,0.11200511455535889
4904,-16.92165184020996,0.11303996294736862
4905,-17.124155044555664,0.05347488820552826
4906,-17.129724502563477,0.0809042900800705
4907,-17.269155502319336,0.015136778354644775
4908,-17.22708511352539,0.02536783367395401
4909,-17.405075073242188,0.01642303168773651
4910,-17.70815086364746,0.2758972942829132
4911,-17.393701553344727,0.052874840795993805
4912,-17.243066787719727,0.0635552853345871
4913,-17.23113250732422,0.049284860491752625
4914,-17.21798324584961,0.04113605618476868
4915,-17.245590209960938,0.003892675042152405
4916,-17.41742706298828,0.14628402888774872
4917,-17.372636795043945,0.21681523323059082
4918,-17.388750076293945,0.06690654158592224
4919,-17.262407302856445,0.022963613271713257
4920,-17.324382781982422,0.2395547777414322
4921,-17.3349552154541,0.016745299100875854
4922,-17.184629440307617,0.010483533143997192
4923,-17.243505477905273,0.1171453595161438
4924,-17.281253814697266,0.23254379630088806
4925,-17.280317306518555,0.10842394083738327
4926,-17.190000534057617,0.08499178290367126
4927,-17.665058135986328,0.05902588367462158
4928,-17.483213424682617,0.264786958694458
4929,-17.190570831298828,0.011457875370979309
4930,-17.278459548950195,0.056585438549518585
4931,-17.046831130981445,0.037788860499858856
4932,-17.215925216674805,0.033309295773506165
4933,-17.193130493164062,0.03979972004890442
4934,-16.710689544677734,0.08959439396858215
4935,-17.067441940307617,0.028003767132759094
4936,-17.46839714050293,0.024605438113212585
4937,-17.69312858581543,0.34042590856552124
4938,-17.52387809753418,0.11494974792003632
4939,-17.71595573425293,0.26174837350845337
4940,-17.50444793701172,0.03209017217159271
4941,-17.204317092895508,0.05657082423567772
4942,-17.3099422454834,0.05585464835166931
4943,-17.30194091796875,0.019401073455810547
4944,-17.355670928955078,0.032134003937244415
4945,-17.559289932250977,0.016773946583271027
4946,-17.50025749206543,0.02099405974149704
4947,-17.933597564697266,0.26027756929397583
4948,-17.26137924194336,0.10230111330747604
4949,-17.294464111328125,0.07019785046577454
4950,-17.151416778564453,0.06807959079742432
4951,-17.2502384185791,0.062320295721292496
4952,-17.148588180541992,0.06756432354450226
4953,-17.246017456054688,0.06162051483988762
4954,-16.908666610717773,0.07417920231819153
4955,-16.90302848815918,0.07333151996135712
4956,-16.89815330505371,0.07234753668308258
4957,-16.892993927001953,0.07130661606788635
4958,-17.268388748168945,0.09618805348873138
4959,-17.287269592285156,0.18028387427330017
4960,-16.8682861328125,0.12993478775024414
4961,-16.886686325073242,0.11558158695697784
4962,-17.134401321411133,0.07318000495433807
4963,-17.074262619018555,0.05046830326318741
4964,-17.265687942504883,0.010188862681388855
4965,-17.43642234802246,0.00883522629737854
4966,-17.46937370300293,0.23802395164966583
4967,-17.366296768188477,0.04702825844287872
4968,-17.373741149902344,0.0029495954513549805
4969,-17.20817756652832,0.02876722812652588
4970,-17.241758346557617,0.012450739741325378
4971,-16.906713485717773,0.06556969881057739
4972,-16.791234970092773,0.10118407011032104
4973,-17.194494247436523,0.05107056349515915
4974,-17.06285285949707,0.028529711067676544
4975,-17.229938507080078,0.00912851095199585
4976,-17.6015567779541,0.04326839745044708
4977,-17.649545669555664,0.3140719532966614
4978,-17.1835880279541,0.014129742980003357
4979,-15.158937454223633,0.044309698045253754
4980,-15.103195190429688,0.06015205383300781
4981,-15.103195190429688,0.06015205383300781
4982,-15.62132740020752,0.031928688287734985
4983,-16.140108108520508,0.3656395673751831
4984,-15.147588729858398,0.0411711111664772
4985,-15.147588729858398,0.0411711111664772
4986,-15.515061378479004,0.024926330894231796
4987,-15.738975524902344,0.04437313228845596
4988,-16.076446533203125,0.06288234144449234
4989,-16.0814266204834,0.04862544685602188
4990,-15.760117530822754,0.03475647047162056
4991,-16.223876953125,0.2053554207086563
4992,-16.696863174438477,0.4936944246292114
4993,-15.98515796661377,0.019289642572402954
4994,-16.0965518951416,0.022547326982021332
4995,-15.779874801635742,0.043717533349990845
4996,-15.487817764282227,0.08731827139854431
4997,-15.133210182189941,0.03669163957238197
4998,-15.077512741088867,0.09010172635316849
4999,-15.412033081054688,0.02145451307296753
